"Id (int)";"CreatedAt (datetime2)";"Payload (nvarchar)"
"1";"01/01/2020 00:00:00";"test;""Ä…"
"2";"01/01/2020 00:00:00";"test;""Ä…"
"3";"01/01/2020 00:00:00";"test;""Ä…"
"4";"01/01/2020 00:00:00";"test;""Ä…"
"5";"01/01/2020 00:00:00";"test;""Ä…"
"6";"01/01/2020 00:00:00";"test;""Ä…"
"7";"01/01/2020 00:00:00";"test;""Ä…"
"8";"01/01/2020 00:00:00";"test;""Ä…"
"9";"01/01/2020 00:00:00";"test;""Ä…"
"10";"01/01/2020 00:00:00";"test;""Ä…"
"11";"01/01/2020 00:00:00";"test;""Ä…"
"12";"01/01/2020 00:00:00";"test;""Ä…"
"13";"01/01/2020 00:00:00";"test;""Ä…"
"14";"01/01/2020 00:00:00";"test;""Ä…"
"15";"01/01/2020 00:00:00";"test;""Ä…"
"16";"01/01/2020 00:00:00";"test;""Ä…"
"17";"01/01/2020 00:00:00";"test;""Ä…"
"18";"01/01/2020 00:00:00";"test;""Ä…"
"19";"01/01/2020 00:00:00";"test;""Ä…"
"20";"01/01/2020 00:00:00";"test;""Ä…"
"21";"01/01/2020 00:00:00";"test;""Ä…"
"22";"01/01/2020 00:00:00";"test;""Ä…"
"23";"01/01/2020 00:00:00";"test;""Ä…"
"24";"01/01/2020 00:00:00";"test;""Ä…"
"25";"01/01/2020 00:00:00";"test;""Ä…"
"26";"01/01/2020 00:00:00";"test;""Ä…"
"27";"01/01/2020 00:00:00";"test;""Ä…"
"28";"01/01/2020 00:00:00";"test;""Ä…"
"29";"01/01/2020 00:00:00";"test;""Ä…"
"30";"01/01/2020 00:00:00";"test;""Ä…"
"31";"01/01/2020 00:00:00";"test;""Ä…"
"32";"01/01/2020 00:00:00";"test;""Ä…"
"33";"01/01/2020 00:00:00";"test;""Ä…"
"34";"01/01/2020 00:00:00";"test;""Ä…"
"35";"01/01/2020 00:00:00";"test;""Ä…"
"36";"01/01/2020 00:00:00";"test;""Ä…"
"37";"01/01/2020 00:00:00";"test;""Ä…"
"38";"01/01/2020 00:00:00";"test;""Ä…"
"39";"01/01/2020 00:00:00";"test;""Ä…"
"40";"01/01/2020 00:00:00";"test;""Ä…"
"41";"01/01/2020 00:00:00";"test;""Ä…"
"42";"01/01/2020 00:00:00";"test;""Ä…"
"43";"01/01/2020 00:00:00";"test;""Ä…"
"44";"01/01/2020 00:00:00";"test;""Ä…"
"45";"01/01/2020 00:00:00";"test;""Ä…"
"46";"01/01/2020 00:00:00";"test;""Ä…"
"47";"01/01/2020 00:00:00";"test;""Ä…"
"48";"01/01/2020 00:00:00";"test;""Ä…"
"49";"01/01/2020 00:00:00";"test;""Ä…"
"50";"01/01/2020 00:00:00";"test;""Ä…"
"51";"01/01/2020 00:00:00";"test;""Ä…"
"52";"01/01/2020 00:00:00";"test;""Ä…"
"53";"01/01/2020 00:00:00";"test;""Ä…"
"54";"01/01/2020 00:00:00";"test;""Ä…"
"55";"01/01/2020 00:00:00";"test;""Ä…"
"56";"01/01/2020 00:00:00";"test;""Ä…"
"57";"01/01/2020 00:00:00";"test;""Ä…"
"58";"01/01/2020 00:00:00";"test;""Ä…"
"59";"01/01/2020 00:00:00";"test;""Ä…"
"60";"01/01/2020 00:00:00";"test;""Ä…"
"61";"01/01/2020 00:00:00";"test;""Ä…"
"62";"01/01/2020 00:00:00";"test;""Ä…"
"63";"01/01/2020 00:00:00";"test;""Ä…"
"64";"01/01/2020 00:00:00";"test;""Ä…"
"65";"01/01/2020 00:00:00";"test;""Ä…"
"66";"01/01/2020 00:00:00";"test;""Ä…"
"67";"01/01/2020 00:00:00";"test;""Ä…"
"68";"01/01/2020 00:00:00";"test;""Ä…"
"69";"01/01/2020 00:00:00";"test;""Ä…"
"70";"01/01/2020 00:00:00";"test;""Ä…"
"71";"01/01/2020 00:00:00";"test;""Ä…"
"72";"01/01/2020 00:00:00";"test;""Ä…"
"73";"01/01/2020 00:00:00";"test;""Ä…"
"74";"01/01/2020 00:00:00";"test;""Ä…"
"75";"01/01/2020 00:00:00";"test;""Ä…"
"76";"01/01/2020 00:00:00";"test;""Ä…"
"77";"01/01/2020 00:00:00";"test;""Ä…"
"78";"01/01/2020 00:00:00";"test;""Ä…"
"79";"01/01/2020 00:00:00";"test;""Ä…"
"80";"01/01/2020 00:00:00";"test;""Ä…"
"81";"01/01/2020 00:00:00";"test;""Ä…"
"82";"01/01/2020 00:00:00";"test;""Ä…"
"83";"01/01/2020 00:00:00";"test;""Ä…"
"84";"01/01/2020 00:00:00";"test;""Ä…"
"85";"01/01/2020 00:00:00";"test;""Ä…"
"86";"01/01/2020 00:00:00";"test;""Ä…"
"87";"01/01/2020 00:00:00";"test;""Ä…"
"88";"01/01/2020 00:00:00";"test;""Ä…"
"89";"01/01/2020 00:00:00";"test;""Ä…"
"90";"01/01/2020 00:00:00";"test;""Ä…"
"91";"01/01/2020 00:00:00";"test;""Ä…"
"92";"01/01/2020 00:00:00";"test;""Ä…"
"93";"01/01/2020 00:00:00";"test;""Ä…"
"94";"01/01/2020 00:00:00";"test;""Ä…"
"95";"01/01/2020 00:00:00";"test;""Ä…"
"96";"01/01/2020 00:00:00";"test;""Ä…"
"97";"01/01/2020 00:00:00";"test;""Ä…"
"98";"01/01/2020 00:00:00";"test;""Ä…"
"99";"01/01/2020 00:00:00";"test;""Ä…"
"100";"01/01/2020 00:00:00";"test;""Ä…"
"101";"01/01/2020 00:00:00";"test;""Ä…"
"102";"01/01/2020 00:00:00";"test;""Ä…"
"103";"01/01/2020 00:00:00";"test;""Ä…"
"104";"01/01/2020 00:00:00";"test;""Ä…"
"105";"01/01/2020 00:00:00";"test;""Ä…"
"106";"01/01/2020 00:00:00";"test;""Ä…"
"107";"01/01/2020 00:00:00";"test;""Ä…"
"108";"01/01/2020 00:00:00";"test;""Ä…"
"109";"01/01/2020 00:00:00";"test;""Ä…"
"110";"01/01/2020 00:00:00";"test;""Ä…"
"111";"01/01/2020 00:00:00";"test;""Ä…"
"112";"01/01/2020 00:00:00";"test;""Ä…"
"113";"01/01/2020 00:00:00";"test;""Ä…"
"114";"01/01/2020 00:00:00";"test;""Ä…"
"115";"01/01/2020 00:00:00";"test;""Ä…"
"116";"01/01/2020 00:00:00";"test;""Ä…"
"117";"01/01/2020 00:00:00";"test;""Ä…"
"118";"01/01/2020 00:00:00";"test;""Ä…"
"119";"01/01/2020 00:00:00";"test;""Ä…"
"120";"01/01/2020 00:00:00";"test;""Ä…"
"121";"01/01/2020 00:00:00";"test;""Ä…"
"122";"01/01/2020 00:00:00";"test;""Ä…"
"123";"01/01/2020 00:00:00";"test;""Ä…"
"124";"01/01/2020 00:00:00";"test;""Ä…"
"125";"01/01/2020 00:00:00";"test;""Ä…"
"126";"01/01/2020 00:00:00";"test;""Ä…"
"127";"01/01/2020 00:00:00";"test;""Ä…"
"128";"01/01/2020 00:00:00";"test;""Ä…"
"129";"01/01/2020 00:00:00";"test;""Ä…"
"130";"01/01/2020 00:00:00";"test;""Ä…"
"131";"01/01/2020 00:00:00";"test;""Ä…"
"132";"01/01/2020 00:00:00";"test;""Ä…"
"133";"01/01/2020 00:00:00";"test;""Ä…"
"134";"01/01/2020 00:00:00";"test;""Ä…"
"135";"01/01/2020 00:00:00";"test;""Ä…"
"136";"01/01/2020 00:00:00";"test;""Ä…"
"137";"01/01/2020 00:00:00";"test;""Ä…"
"138";"01/01/2020 00:00:00";"test;""Ä…"
"139";"01/01/2020 00:00:00";"test;""Ä…"
"140";"01/01/2020 00:00:00";"test;""Ä…"
"141";"01/01/2020 00:00:00";"test;""Ä…"
"142";"01/01/2020 00:00:00";"test;""Ä…"
"143";"01/01/2020 00:00:00";"test;""Ä…"
"144";"01/01/2020 00:00:00";"test;""Ä…"
"145";"01/01/2020 00:00:00";"test;""Ä…"
"146";"01/01/2020 00:00:00";"test;""Ä…"
"147";"01/01/2020 00:00:00";"test;""Ä…"
"148";"01/01/2020 00:00:00";"test;""Ä…"
"149";"01/01/2020 00:00:00";"test;""Ä…"
"150";"01/01/2020 00:00:00";"test;""Ä…"
"151";"01/01/2020 00:00:00";"test;""Ä…"
"152";"01/01/2020 00:00:00";"test;""Ä…"
"153";"01/01/2020 00:00:00";"test;""Ä…"
"154";"01/01/2020 00:00:00";"test;""Ä…"
"155";"01/01/2020 00:00:00";"test;""Ä…"
"156";"01/01/2020 00:00:00";"test;""Ä…"
"157";"01/01/2020 00:00:00";"test;""Ä…"
"158";"01/01/2020 00:00:00";"test;""Ä…"
"159";"01/01/2020 00:00:00";"test;""Ä…"
"160";"01/01/2020 00:00:00";"test;""Ä…"
"161";"01/01/2020 00:00:00";"test;""Ä…"
"162";"01/01/2020 00:00:00";"test;""Ä…"
"163";"01/01/2020 00:00:00";"test;""Ä…"
"164";"01/01/2020 00:00:00";"test;""Ä…"
"165";"01/01/2020 00:00:00";"test;""Ä…"
"166";"01/01/2020 00:00:00";"test;""Ä…"
"167";"01/01/2020 00:00:00";"test;""Ä…"
"168";"01/01/2020 00:00:00";"test;""Ä…"
"169";"01/01/2020 00:00:00";"test;""Ä…"
"170";"01/01/2020 00:00:00";"test;""Ä…"
"171";"01/01/2020 00:00:00";"test;""Ä…"
"172";"01/01/2020 00:00:00";"test;""Ä…"
"173";"01/01/2020 00:00:00";"test;""Ä…"
"174";"01/01/2020 00:00:00";"test;""Ä…"
"175";"01/01/2020 00:00:00";"test;""Ä…"
"176";"01/01/2020 00:00:00";"test;""Ä…"
"177";"01/01/2020 00:00:00";"test;""Ä…"
"178";"01/01/2020 00:00:00";"test;""Ä…"
"179";"01/01/2020 00:00:00";"test;""Ä…"
"180";"01/01/2020 00:00:00";"test;""Ä…"
"181";"01/01/2020 00:00:00";"test;""Ä…"
"182";"01/01/2020 00:00:00";"test;""Ä…"
"183";"01/01/2020 00:00:00";"test;""Ä…"
"184";"01/01/2020 00:00:00";"test;""Ä…"
"185";"01/01/2020 00:00:00";"test;""Ä…"
"186";"01/01/2020 00:00:00";"test;""Ä…"
"187";"01/01/2020 00:00:00";"test;""Ä…"
"188";"01/01/2020 00:00:00";"test;""Ä…"
"189";"01/01/2020 00:00:00";"test;""Ä…"
"190";"01/01/2020 00:00:00";"test;""Ä…"
"191";"01/01/2020 00:00:00";"test;""Ä…"
"192";"01/01/2020 00:00:00";"test;""Ä…"
"193";"01/01/2020 00:00:00";"test;""Ä…"
"194";"01/01/2020 00:00:00";"test;""Ä…"
"195";"01/01/2020 00:00:00";"test;""Ä…"
"196";"01/01/2020 00:00:00";"test;""Ä…"
"197";"01/01/2020 00:00:00";"test;""Ä…"
"198";"01/01/2020 00:00:00";"test;""Ä…"
"199";"01/01/2020 00:00:00";"test;""Ä…"
"200";"01/01/2020 00:00:00";"test;""Ä…"
"201";"01/01/2020 00:00:00";"test;""Ä…"
"202";"01/01/2020 00:00:00";"test;""Ä…"
"203";"01/01/2020 00:00:00";"test;""Ä…"
"204";"01/01/2020 00:00:00";"test;""Ä…"
"205";"01/01/2020 00:00:00";"test;""Ä…"
"206";"01/01/2020 00:00:00";"test;""Ä…"
"207";"01/01/2020 00:00:00";"test;""Ä…"
"208";"01/01/2020 00:00:00";"test;""Ä…"
"209";"01/01/2020 00:00:00";"test;""Ä…"
"210";"01/01/2020 00:00:00";"test;""Ä…"
"211";"01/01/2020 00:00:00";"test;""Ä…"
"212";"01/01/2020 00:00:00";"test;""Ä…"
"213";"01/01/2020 00:00:00";"test;""Ä…"
"214";"01/01/2020 00:00:00";"test;""Ä…"
"215";"01/01/2020 00:00:00";"test;""Ä…"
"216";"01/01/2020 00:00:00";"test;""Ä…"
"217";"01/01/2020 00:00:00";"test;""Ä…"
"218";"01/01/2020 00:00:00";"test;""Ä…"
"219";"01/01/2020 00:00:00";"test;""Ä…"
"220";"01/01/2020 00:00:00";"test;""Ä…"
"221";"01/01/2020 00:00:00";"test;""Ä…"
"222";"01/01/2020 00:00:00";"test;""Ä…"
"223";"01/01/2020 00:00:00";"test;""Ä…"
"224";"01/01/2020 00:00:00";"test;""Ä…"
"225";"01/01/2020 00:00:00";"test;""Ä…"
"226";"01/01/2020 00:00:00";"test;""Ä…"
"227";"01/01/2020 00:00:00";"test;""Ä…"
"228";"01/01/2020 00:00:00";"test;""Ä…"
"229";"01/01/2020 00:00:00";"test;""Ä…"
"230";"01/01/2020 00:00:00";"test;""Ä…"
"231";"01/01/2020 00:00:00";"test;""Ä…"
"232";"01/01/2020 00:00:00";"test;""Ä…"
"233";"01/01/2020 00:00:00";"test;""Ä…"
"234";"01/01/2020 00:00:00";"test;""Ä…"
"235";"01/01/2020 00:00:00";"test;""Ä…"
"236";"01/01/2020 00:00:00";"test;""Ä…"
"237";"01/01/2020 00:00:00";"test;""Ä…"
"238";"01/01/2020 00:00:00";"test;""Ä…"
"239";"01/01/2020 00:00:00";"test;""Ä…"
"240";"01/01/2020 00:00:00";"test;""Ä…"
"241";"01/01/2020 00:00:00";"test;""Ä…"
"242";"01/01/2020 00:00:00";"test;""Ä…"
"243";"01/01/2020 00:00:00";"test;""Ä…"
"244";"01/01/2020 00:00:00";"test;""Ä…"
"245";"01/01/2020 00:00:00";"test;""Ä…"
"246";"01/01/2020 00:00:00";"test;""Ä…"
"247";"01/01/2020 00:00:00";"test;""Ä…"
"248";"01/01/2020 00:00:00";"test;""Ä…"
"249";"01/01/2020 00:00:00";"test;""Ä…"
"250";"01/01/2020 00:00:00";"test;""Ä…"
"251";"01/01/2020 00:00:00";"test;""Ä…"
"252";"01/01/2020 00:00:00";"test;""Ä…"
"253";"01/01/2020 00:00:00";"test;""Ä…"
"254";"01/01/2020 00:00:00";"test;""Ä…"
"255";"01/01/2020 00:00:00";"test;""Ä…"
"256";"01/01/2020 00:00:00";"test;""Ä…"
"257";"01/01/2020 00:00:00";"test;""Ä…"
"258";"01/01/2020 00:00:00";"test;""Ä…"
"259";"01/01/2020 00:00:00";"test;""Ä…"
"260";"01/01/2020 00:00:00";"test;""Ä…"
"261";"01/01/2020 00:00:00";"test;""Ä…"
"262";"01/01/2020 00:00:00";"test;""Ä…"
"263";"01/01/2020 00:00:00";"test;""Ä…"
"264";"01/01/2020 00:00:00";"test;""Ä…"
"265";"01/01/2020 00:00:00";"test;""Ä…"
"266";"01/01/2020 00:00:00";"test;""Ä…"
"267";"01/01/2020 00:00:00";"test;""Ä…"
"268";"01/01/2020 00:00:00";"test;""Ä…"
"269";"01/01/2020 00:00:00";"test;""Ä…"
"270";"01/01/2020 00:00:00";"test;""Ä…"
"271";"01/01/2020 00:00:00";"test;""Ä…"
"272";"01/01/2020 00:00:00";"test;""Ä…"
"273";"01/01/2020 00:00:00";"test;""Ä…"
"274";"01/01/2020 00:00:00";"test;""Ä…"
"275";"01/01/2020 00:00:00";"test;""Ä…"
"276";"01/01/2020 00:00:00";"test;""Ä…"
"277";"01/01/2020 00:00:00";"test;""Ä…"
"278";"01/01/2020 00:00:00";"test;""Ä…"
"279";"01/01/2020 00:00:00";"test;""Ä…"
"280";"01/01/2020 00:00:00";"test;""Ä…"
"281";"01/01/2020 00:00:00";"test;""Ä…"
"282";"01/01/2020 00:00:00";"test;""Ä…"
"283";"01/01/2020 00:00:00";"test;""Ä…"
"284";"01/01/2020 00:00:00";"test;""Ä…"
"285";"01/01/2020 00:00:00";"test;""Ä…"
"286";"01/01/2020 00:00:00";"test;""Ä…"
"287";"01/01/2020 00:00:00";"test;""Ä…"
"288";"01/01/2020 00:00:00";"test;""Ä…"
"289";"01/01/2020 00:00:00";"test;""Ä…"
"290";"01/01/2020 00:00:00";"test;""Ä…"
"291";"01/01/2020 00:00:00";"test;""Ä…"
"292";"01/01/2020 00:00:00";"test;""Ä…"
"293";"01/01/2020 00:00:00";"test;""Ä…"
"294";"01/01/2020 00:00:00";"test;""Ä…"
"295";"01/01/2020 00:00:00";"test;""Ä…"
"296";"01/01/2020 00:00:00";"test;""Ä…"
"297";"01/01/2020 00:00:00";"test;""Ä…"
"298";"01/01/2020 00:00:00";"test;""Ä…"
"299";"01/01/2020 00:00:00";"test;""Ä…"
"300";"01/01/2020 00:00:00";"test;""Ä…"
"301";"01/01/2020 00:00:00";"test;""Ä…"
"302";"01/01/2020 00:00:00";"test;""Ä…"
"303";"01/01/2020 00:00:00";"test;""Ä…"
"304";"01/01/2020 00:00:00";"test;""Ä…"
"305";"01/01/2020 00:00:00";"test;""Ä…"
"306";"01/01/2020 00:00:00";"test;""Ä…"
"307";"01/01/2020 00:00:00";"test;""Ä…"
"308";"01/01/2020 00:00:00";"test;""Ä…"
"309";"01/01/2020 00:00:00";"test;""Ä…"
"310";"01/01/2020 00:00:00";"test;""Ä…"
"311";"01/01/2020 00:00:00";"test;""Ä…"
"312";"01/01/2020 00:00:00";"test;""Ä…"
"313";"01/01/2020 00:00:00";"test;""Ä…"
"314";"01/01/2020 00:00:00";"test;""Ä…"
"315";"01/01/2020 00:00:00";"test;""Ä…"
"316";"01/01/2020 00:00:00";"test;""Ä…"
"317";"01/01/2020 00:00:00";"test;""Ä…"
"318";"01/01/2020 00:00:00";"test;""Ä…"
"319";"01/01/2020 00:00:00";"test;""Ä…"
"320";"01/01/2020 00:00:00";"test;""Ä…"
"321";"01/01/2020 00:00:00";"test;""Ä…"
"322";"01/01/2020 00:00:00";"test;""Ä…"
"323";"01/01/2020 00:00:00";"test;""Ä…"
"324";"01/01/2020 00:00:00";"test;""Ä…"
"325";"01/01/2020 00:00:00";"test;""Ä…"
"326";"01/01/2020 00:00:00";"test;""Ä…"
"327";"01/01/2020 00:00:00";"test;""Ä…"
"328";"01/01/2020 00:00:00";"test;""Ä…"
"329";"01/01/2020 00:00:00";"test;""Ä…"
"330";"01/01/2020 00:00:00";"test;""Ä…"
"331";"01/01/2020 00:00:00";"test;""Ä…"
"332";"01/01/2020 00:00:00";"test;""Ä…"
"333";"01/01/2020 00:00:00";"test;""Ä…"
"334";"01/01/2020 00:00:00";"test;""Ä…"
"335";"01/01/2020 00:00:00";"test;""Ä…"
"336";"01/01/2020 00:00:00";"test;""Ä…"
"337";"01/01/2020 00:00:00";"test;""Ä…"
"338";"01/01/2020 00:00:00";"test;""Ä…"
"339";"01/01/2020 00:00:00";"test;""Ä…"
"340";"01/01/2020 00:00:00";"test;""Ä…"
"341";"01/01/2020 00:00:00";"test;""Ä…"
"342";"01/01/2020 00:00:00";"test;""Ä…"
"343";"01/01/2020 00:00:00";"test;""Ä…"
"344";"01/01/2020 00:00:00";"test;""Ä…"
"345";"01/01/2020 00:00:00";"test;""Ä…"
"346";"01/01/2020 00:00:00";"test;""Ä…"
"347";"01/01/2020 00:00:00";"test;""Ä…"
"348";"01/01/2020 00:00:00";"test;""Ä…"
"349";"01/01/2020 00:00:00";"test;""Ä…"
"350";"01/01/2020 00:00:00";"test;""Ä…"
"351";"01/01/2020 00:00:00";"test;""Ä…"
"352";"01/01/2020 00:00:00";"test;""Ä…"
"353";"01/01/2020 00:00:00";"test;""Ä…"
"354";"01/01/2020 00:00:00";"test;""Ä…"
"355";"01/01/2020 00:00:00";"test;""Ä…"
"356";"01/01/2020 00:00:00";"test;""Ä…"
"357";"01/01/2020 00:00:00";"test;""Ä…"
"358";"01/01/2020 00:00:00";"test;""Ä…"
"359";"01/01/2020 00:00:00";"test;""Ä…"
"360";"01/01/2020 00:00:00";"test;""Ä…"
"361";"01/01/2020 00:00:00";"test;""Ä…"
"362";"01/01/2020 00:00:00";"test;""Ä…"
"363";"01/01/2020 00:00:00";"test;""Ä…"
"364";"01/01/2020 00:00:00";"test;""Ä…"
"365";"01/01/2020 00:00:00";"test;""Ä…"
"366";"01/01/2020 00:00:00";"test;""Ä…"
"367";"01/01/2020 00:00:00";"test;""Ä…"
"368";"01/01/2020 00:00:00";"test;""Ä…"
"369";"01/01/2020 00:00:00";"test;""Ä…"
"370";"01/01/2020 00:00:00";"test;""Ä…"
"371";"01/01/2020 00:00:00";"test;""Ä…"
"372";"01/01/2020 00:00:00";"test;""Ä…"
"373";"01/01/2020 00:00:00";"test;""Ä…"
"374";"01/01/2020 00:00:00";"test;""Ä…"
"375";"01/01/2020 00:00:00";"test;""Ä…"
"376";"01/01/2020 00:00:00";"test;""Ä…"
"377";"01/01/2020 00:00:00";"test;""Ä…"
"378";"01/01/2020 00:00:00";"test;""Ä…"
"379";"01/01/2020 00:00:00";"test;""Ä…"
"380";"01/01/2020 00:00:00";"test;""Ä…"
"381";"01/01/2020 00:00:00";"test;""Ä…"
"382";"01/01/2020 00:00:00";"test;""Ä…"
"383";"01/01/2020 00:00:00";"test;""Ä…"
"384";"01/01/2020 00:00:00";"test;""Ä…"
"385";"01/01/2020 00:00:00";"test;""Ä…"
"386";"01/01/2020 00:00:00";"test;""Ä…"
"387";"01/01/2020 00:00:00";"test;""Ä…"
"388";"01/01/2020 00:00:00";"test;""Ä…"
"389";"01/01/2020 00:00:00";"test;""Ä…"
"390";"01/01/2020 00:00:00";"test;""Ä…"
"391";"01/01/2020 00:00:00";"test;""Ä…"
"392";"01/01/2020 00:00:00";"test;""Ä…"
"393";"01/01/2020 00:00:00";"test;""Ä…"
"394";"01/01/2020 00:00:00";"test;""Ä…"
"395";"01/01/2020 00:00:00";"test;""Ä…"
"396";"01/01/2020 00:00:00";"test;""Ä…"
"397";"01/01/2020 00:00:00";"test;""Ä…"
"398";"01/01/2020 00:00:00";"test;""Ä…"
"399";"01/01/2020 00:00:00";"test;""Ä…"
"400";"01/01/2020 00:00:00";"test;""Ä…"
"401";"01/01/2020 00:00:00";"test;""Ä…"
"402";"01/01/2020 00:00:00";"test;""Ä…"
"403";"01/01/2020 00:00:00";"test;""Ä…"
"404";"01/01/2020 00:00:00";"test;""Ä…"
"405";"01/01/2020 00:00:00";"test;""Ä…"
"406";"01/01/2020 00:00:00";"test;""Ä…"
"407";"01/01/2020 00:00:00";"test;""Ä…"
"408";"01/01/2020 00:00:00";"test;""Ä…"
"409";"01/01/2020 00:00:00";"test;""Ä…"
"410";"01/01/2020 00:00:00";"test;""Ä…"
"411";"01/01/2020 00:00:00";"test;""Ä…"
"412";"01/01/2020 00:00:00";"test;""Ä…"
"413";"01/01/2020 00:00:00";"test;""Ä…"
"414";"01/01/2020 00:00:00";"test;""Ä…"
"415";"01/01/2020 00:00:00";"test;""Ä…"
"416";"01/01/2020 00:00:00";"test;""Ä…"
"417";"01/01/2020 00:00:00";"test;""Ä…"
"418";"01/01/2020 00:00:00";"test;""Ä…"
"419";"01/01/2020 00:00:00";"test;""Ä…"
"420";"01/01/2020 00:00:00";"test;""Ä…"
"421";"01/01/2020 00:00:00";"test;""Ä…"
"422";"01/01/2020 00:00:00";"test;""Ä…"
"423";"01/01/2020 00:00:00";"test;""Ä…"
"424";"01/01/2020 00:00:00";"test;""Ä…"
"425";"01/01/2020 00:00:00";"test;""Ä…"
"426";"01/01/2020 00:00:00";"test;""Ä…"
"427";"01/01/2020 00:00:00";"test;""Ä…"
"428";"01/01/2020 00:00:00";"test;""Ä…"
"429";"01/01/2020 00:00:00";"test;""Ä…"
"430";"01/01/2020 00:00:00";"test;""Ä…"
"431";"01/01/2020 00:00:00";"test;""Ä…"
"432";"01/01/2020 00:00:00";"test;""Ä…"
"433";"01/01/2020 00:00:00";"test;""Ä…"
"434";"01/01/2020 00:00:00";"test;""Ä…"
"435";"01/01/2020 00:00:00";"test;""Ä…"
"436";"01/01/2020 00:00:00";"test;""Ä…"
"437";"01/01/2020 00:00:00";"test;""Ä…"
"438";"01/01/2020 00:00:00";"test;""Ä…"
"439";"01/01/2020 00:00:00";"test;""Ä…"
"440";"01/01/2020 00:00:00";"test;""Ä…"
"441";"01/01/2020 00:00:00";"test;""Ä…"
"442";"01/01/2020 00:00:00";"test;""Ä…"
"443";"01/01/2020 00:00:00";"test;""Ä…"
"444";"01/01/2020 00:00:00";"test;""Ä…"
"445";"01/01/2020 00:00:00";"test;""Ä…"
"446";"01/01/2020 00:00:00";"test;""Ä…"
"447";"01/01/2020 00:00:00";"test;""Ä…"
"448";"01/01/2020 00:00:00";"test;""Ä…"
"449";"01/01/2020 00:00:00";"test;""Ä…"
"450";"01/01/2020 00:00:00";"test;""Ä…"
"451";"01/01/2020 00:00:00";"test;""Ä…"
"452";"01/01/2020 00:00:00";"test;""Ä…"
"453";"01/01/2020 00:00:00";"test;""Ä…"
"454";"01/01/2020 00:00:00";"test;""Ä…"
"455";"01/01/2020 00:00:00";"test;""Ä…"
"456";"01/01/2020 00:00:00";"test;""Ä…"
"457";"01/01/2020 00:00:00";"test;""Ä…"
"458";"01/01/2020 00:00:00";"test;""Ä…"
"459";"01/01/2020 00:00:00";"test;""Ä…"
"460";"01/01/2020 00:00:00";"test;""Ä…"
"461";"01/01/2020 00:00:00";"test;""Ä…"
"462";"01/01/2020 00:00:00";"test;""Ä…"
"463";"01/01/2020 00:00:00";"test;""Ä…"
"464";"01/01/2020 00:00:00";"test;""Ä…"
"465";"01/01/2020 00:00:00";"test;""Ä…"
"466";"01/01/2020 00:00:00";"test;""Ä…"
"467";"01/01/2020 00:00:00";"test;""Ä…"
"468";"01/01/2020 00:00:00";"test;""Ä…"
"469";"01/01/2020 00:00:00";"test;""Ä…"
"470";"01/01/2020 00:00:00";"test;""Ä…"
"471";"01/01/2020 00:00:00";"test;""Ä…"
"472";"01/01/2020 00:00:00";"test;""Ä…"
"473";"01/01/2020 00:00:00";"test;""Ä…"
"474";"01/01/2020 00:00:00";"test;""Ä…"
"475";"01/01/2020 00:00:00";"test;""Ä…"
"476";"01/01/2020 00:00:00";"test;""Ä…"
"477";"01/01/2020 00:00:00";"test;""Ä…"
"478";"01/01/2020 00:00:00";"test;""Ä…"
"479";"01/01/2020 00:00:00";"test;""Ä…"
"480";"01/01/2020 00:00:00";"test;""Ä…"
"481";"01/01/2020 00:00:00";"test;""Ä…"
"482";"01/01/2020 00:00:00";"test;""Ä…"
"483";"01/01/2020 00:00:00";"test;""Ä…"
"484";"01/01/2020 00:00:00";"test;""Ä…"
"485";"01/01/2020 00:00:00";"test;""Ä…"
"486";"01/01/2020 00:00:00";"test;""Ä…"
"487";"01/01/2020 00:00:00";"test;""Ä…"
"488";"01/01/2020 00:00:00";"test;""Ä…"
"489";"01/01/2020 00:00:00";"test;""Ä…"
"490";"01/01/2020 00:00:00";"test;""Ä…"
"491";"01/01/2020 00:00:00";"test;""Ä…"
"492";"01/01/2020 00:00:00";"test;""Ä…"
"493";"01/01/2020 00:00:00";"test;""Ä…"
"494";"01/01/2020 00:00:00";"test;""Ä…"
"495";"01/01/2020 00:00:00";"test;""Ä…"
"496";"01/01/2020 00:00:00";"test;""Ä…"
"497";"01/01/2020 00:00:00";"test;""Ä…"
"498";"01/01/2020 00:00:00";"test;""Ä…"
"499";"01/01/2020 00:00:00";"test;""Ä…"
"500";"01/01/2020 00:00:00";"test;""Ä…"
