"OrderNo (bigint)";"CreatedAt (datetime2)";"Note (nvarchar)";"Amount (decimal)"
"2001";"10/05/2026 00:00:00";"semi; ""quote""
ZaĹĽĂłĹ‚Ä‡ gÄ™Ĺ›lÄ… jaĹşĹ„";"2470.2345"
"2002";"10/05/2026 00:00:00";"";"2471.4690"
"2003";"10/05/2026 00:00:00";"semi; ""quote""
ZaĹĽĂłĹ‚Ä‡ gÄ™Ĺ›lÄ… jaĹşĹ„";"2472.7035"
"2004";"10/05/2026 00:00:00";"semi; ""quote""
ZaĹĽĂłĹ‚Ä‡ gÄ™Ĺ›lÄ… jaĹşĹ„";"2473.9380"
"2005";"10/05/2026 00:00:00";"semi; ""quote""
ZaĹĽĂłĹ‚Ä‡ gÄ™Ĺ›lÄ… jaĹşĹ„";"2475.1725"
"2006";"10/05/2026 00:00:00";"semi; ""quote""
ZaĹĽĂłĹ‚Ä‡ gÄ™Ĺ›lÄ… jaĹşĹ„";"2476.4070"
"2007";"10/05/2026 00:00:00";"semi; ""quote""
ZaĹĽĂłĹ‚Ä‡ gÄ™Ĺ›lÄ… jaĹşĹ„";"2477.6415"
"2008";"10/05/2026 00:00:00";"semi; ""quote""
ZaĹĽĂłĹ‚Ä‡ gÄ™Ĺ›lÄ… jaĹşĹ„";"2478.8760"
"2009";"10/05/2026 00:00:00";"";"2480.1105"
"2010";"10/05/2026 00:00:00";"semi; ""quote""
ZaĹĽĂłĹ‚Ä‡ gÄ™Ĺ›lÄ… jaĹşĹ„";"2481.3450"
"2011";"10/05/2026 00:00:00";"semi; ""quote""
ZaĹĽĂłĹ‚Ä‡ gÄ™Ĺ›lÄ… jaĹşĹ„";"2482.5795"
"2012";"10/05/2026 00:00:00";"semi; ""quote""
ZaĹĽĂłĹ‚Ä‡ gÄ™Ĺ›lÄ… jaĹşĹ„";"2483.8140"
"2013";"10/05/2026 00:00:00";"semi; ""quote""
ZaĹĽĂłĹ‚Ä‡ gÄ™Ĺ›lÄ… jaĹşĹ„";"2485.0485"
"2014";"10/05/2026 00:00:00";"semi; ""quote""
ZaĹĽĂłĹ‚Ä‡ gÄ™Ĺ›lÄ… jaĹşĹ„";"2486.2830"
"2015";"10/05/2026 00:00:00";"semi; ""quote""
ZaĹĽĂłĹ‚Ä‡ gÄ™Ĺ›lÄ… jaĹşĹ„";"2487.5175"
"2016";"10/05/2026 00:00:00";"";"2488.7520"
"2017";"10/05/2026 00:00:00";"semi; ""quote""
ZaĹĽĂłĹ‚Ä‡ gÄ™Ĺ›lÄ… jaĹşĹ„";"2489.9865"
"2018";"10/05/2026 00:00:00";"semi; ""quote""
ZaĹĽĂłĹ‚Ä‡ gÄ™Ĺ›lÄ… jaĹşĹ„";"2491.2210"
"2019";"10/05/2026 00:00:00";"semi; ""quote""
ZaĹĽĂłĹ‚Ä‡ gÄ™Ĺ›lÄ… jaĹşĹ„";"2492.4555"
"2020";"10/05/2026 00:00:00";"semi; ""quote""
ZaĹĽĂłĹ‚Ä‡ gÄ™Ĺ›lÄ… jaĹşĹ„";"2493.6900"
"2021";"10/05/2026 00:00:00";"semi; ""quote""
ZaĹĽĂłĹ‚Ä‡ gÄ™Ĺ›lÄ… jaĹşĹ„";"2494.9245"
"2022";"10/05/2026 00:00:00";"semi; ""quote""
ZaĹĽĂłĹ‚Ä‡ gÄ™Ĺ›lÄ… jaĹşĹ„";"2496.1590"
"2023";"10/05/2026 00:00:00";"";"2497.3935"
"2024";"10/05/2026 00:00:00";"semi; ""quote""
ZaĹĽĂłĹ‚Ä‡ gÄ™Ĺ›lÄ… jaĹşĹ„";"2498.6280"
"2025";"10/05/2026 00:00:00";"semi; ""quote""
ZaĹĽĂłĹ‚Ä‡ gÄ™Ĺ›lÄ… jaĹşĹ„";"2499.8625"
"2026";"10/05/2026 00:00:00";"semi; ""quote""
ZaĹĽĂłĹ‚Ä‡ gÄ™Ĺ›lÄ… jaĹşĹ„";"2501.0970"
"2027";"10/05/2026 00:00:00";"semi; ""quote""
ZaĹĽĂłĹ‚Ä‡ gÄ™Ĺ›lÄ… jaĹşĹ„";"2502.3315"
"2028";"10/05/2026 00:00:00";"semi; ""quote""
ZaĹĽĂłĹ‚Ä‡ gÄ™Ĺ›lÄ… jaĹşĹ„";"2503.5660"
"2029";"10/05/2026 00:00:00";"semi; ""quote""
ZaĹĽĂłĹ‚Ä‡ gÄ™Ĺ›lÄ… jaĹşĹ„";"2504.8005"
"2030";"10/05/2026 00:00:00";"";"2506.0350"
"2031";"10/05/2026 00:00:00";"semi; ""quote""
ZaĹĽĂłĹ‚Ä‡ gÄ™Ĺ›lÄ… jaĹşĹ„";"2507.2695"
"2032";"10/05/2026 00:00:00";"semi; ""quote""
ZaĹĽĂłĹ‚Ä‡ gÄ™Ĺ›lÄ… jaĹşĹ„";"2508.5040"
"2033";"10/05/2026 00:00:00";"semi; ""quote""
ZaĹĽĂłĹ‚Ä‡ gÄ™Ĺ›lÄ… jaĹşĹ„";"2509.7385"
"2034";"10/05/2026 00:00:00";"semi; ""quote""
ZaĹĽĂłĹ‚Ä‡ gÄ™Ĺ›lÄ… jaĹşĹ„";"2510.9730"
"2035";"10/05/2026 00:00:00";"semi; ""quote""
ZaĹĽĂłĹ‚Ä‡ gÄ™Ĺ›lÄ… jaĹşĹ„";"2512.2075"
"2036";"10/05/2026 00:00:00";"semi; ""quote""
ZaĹĽĂłĹ‚Ä‡ gÄ™Ĺ›lÄ… jaĹşĹ„";"2513.4420"
"2037";"10/05/2026 00:00:00";"";"2514.6765"
"2038";"10/05/2026 00:00:00";"semi; ""quote""
ZaĹĽĂłĹ‚Ä‡ gÄ™Ĺ›lÄ… jaĹşĹ„";"2515.9110"
"2039";"10/05/2026 00:00:00";"semi; ""quote""
ZaĹĽĂłĹ‚Ä‡ gÄ™Ĺ›lÄ… jaĹşĹ„";"2517.1455"
"2040";"10/05/2026 00:00:00";"semi; ""quote""
ZaĹĽĂłĹ‚Ä‡ gÄ™Ĺ›lÄ… jaĹşĹ„";"2518.3800"
"2041";"10/05/2026 00:00:00";"semi; ""quote""
ZaĹĽĂłĹ‚Ä‡ gÄ™Ĺ›lÄ… jaĹşĹ„";"2519.6145"
"2042";"10/05/2026 00:00:00";"semi; ""quote""
ZaĹĽĂłĹ‚Ä‡ gÄ™Ĺ›lÄ… jaĹşĹ„";"2520.8490"
"2043";"10/05/2026 00:00:00";"semi; ""quote""
ZaĹĽĂłĹ‚Ä‡ gÄ™Ĺ›lÄ… jaĹşĹ„";"2522.0835"
"2044";"10/05/2026 00:00:00";"";"2523.3180"
"2045";"10/05/2026 00:00:00";"semi; ""quote""
ZaĹĽĂłĹ‚Ä‡ gÄ™Ĺ›lÄ… jaĹşĹ„";"2524.5525"
"2046";"10/05/2026 00:00:00";"semi; ""quote""
ZaĹĽĂłĹ‚Ä‡ gÄ™Ĺ›lÄ… jaĹşĹ„";"2525.7870"
"2047";"10/05/2026 00:00:00";"semi; ""quote""
ZaĹĽĂłĹ‚Ä‡ gÄ™Ĺ›lÄ… jaĹşĹ„";"2527.0215"
"2048";"10/05/2026 00:00:00";"semi; ""quote""
ZaĹĽĂłĹ‚Ä‡ gÄ™Ĺ›lÄ… jaĹşĹ„";"2528.2560"
"2049";"10/05/2026 00:00:00";"semi; ""quote""
ZaĹĽĂłĹ‚Ä‡ gÄ™Ĺ›lÄ… jaĹşĹ„";"2529.4905"
"2050";"10/05/2026 00:00:00";"semi; ""quote""
ZaĹĽĂłĹ‚Ä‡ gÄ™Ĺ›lÄ… jaĹşĹ„";"2530.7250"
"2051";"10/05/2026 00:00:00";"";"2531.9595"
"2052";"10/05/2026 00:00:00";"semi; ""quote""
ZaĹĽĂłĹ‚Ä‡ gÄ™Ĺ›lÄ… jaĹşĹ„";"2533.1940"
"2053";"10/05/2026 00:00:00";"semi; ""quote""
ZaĹĽĂłĹ‚Ä‡ gÄ™Ĺ›lÄ… jaĹşĹ„";"2534.4285"
"2054";"10/05/2026 00:00:00";"semi; ""quote""
ZaĹĽĂłĹ‚Ä‡ gÄ™Ĺ›lÄ… jaĹşĹ„";"2535.6630"
"2055";"10/05/2026 00:00:00";"semi; ""quote""
ZaĹĽĂłĹ‚Ä‡ gÄ™Ĺ›lÄ… jaĹşĹ„";"2536.8975"
"2056";"10/05/2026 00:00:00";"semi; ""quote""
ZaĹĽĂłĹ‚Ä‡ gÄ™Ĺ›lÄ… jaĹşĹ„";"2538.1320"
"2057";"10/05/2026 00:00:00";"semi; ""quote""
ZaĹĽĂłĹ‚Ä‡ gÄ™Ĺ›lÄ… jaĹşĹ„";"2539.3665"
"2058";"10/05/2026 00:00:00";"";"2540.6010"
"2059";"10/05/2026 00:00:00";"semi; ""quote""
ZaĹĽĂłĹ‚Ä‡ gÄ™Ĺ›lÄ… jaĹşĹ„";"2541.8355"
"2060";"10/05/2026 00:00:00";"semi; ""quote""
ZaĹĽĂłĹ‚Ä‡ gÄ™Ĺ›lÄ… jaĹşĹ„";"2543.0700"
"2061";"10/05/2026 00:00:00";"semi; ""quote""
ZaĹĽĂłĹ‚Ä‡ gÄ™Ĺ›lÄ… jaĹşĹ„";"2544.3045"
"2062";"10/05/2026 00:00:00";"semi; ""quote""
ZaĹĽĂłĹ‚Ä‡ gÄ™Ĺ›lÄ… jaĹşĹ„";"2545.5390"
"2063";"10/05/2026 00:00:00";"semi; ""quote""
ZaĹĽĂłĹ‚Ä‡ gÄ™Ĺ›lÄ… jaĹşĹ„";"2546.7735"
"2064";"10/05/2026 00:00:00";"semi; ""quote""
ZaĹĽĂłĹ‚Ä‡ gÄ™Ĺ›lÄ… jaĹşĹ„";"2548.0080"
"2065";"10/05/2026 00:00:00";"";"2549.2425"
"2066";"10/05/2026 00:00:00";"semi; ""quote""
ZaĹĽĂłĹ‚Ä‡ gÄ™Ĺ›lÄ… jaĹşĹ„";"2550.4770"
"2067";"10/05/2026 00:00:00";"semi; ""quote""
ZaĹĽĂłĹ‚Ä‡ gÄ™Ĺ›lÄ… jaĹşĹ„";"2551.7115"
"2068";"10/05/2026 00:00:00";"semi; ""quote""
ZaĹĽĂłĹ‚Ä‡ gÄ™Ĺ›lÄ… jaĹşĹ„";"2552.9460"
"2069";"10/05/2026 00:00:00";"semi; ""quote""
ZaĹĽĂłĹ‚Ä‡ gÄ™Ĺ›lÄ… jaĹşĹ„";"2554.1805"
"2070";"10/05/2026 00:00:00";"semi; ""quote""
ZaĹĽĂłĹ‚Ä‡ gÄ™Ĺ›lÄ… jaĹşĹ„";"2555.4150"
"2071";"10/05/2026 00:00:00";"semi; ""quote""
ZaĹĽĂłĹ‚Ä‡ gÄ™Ĺ›lÄ… jaĹşĹ„";"2556.6495"
"2072";"10/05/2026 00:00:00";"";"2557.8840"
"2073";"10/05/2026 00:00:00";"semi; ""quote""
ZaĹĽĂłĹ‚Ä‡ gÄ™Ĺ›lÄ… jaĹşĹ„";"2559.1185"
"2074";"10/05/2026 00:00:00";"semi; ""quote""
ZaĹĽĂłĹ‚Ä‡ gÄ™Ĺ›lÄ… jaĹşĹ„";"2560.3530"
"2075";"10/05/2026 00:00:00";"semi; ""quote""
ZaĹĽĂłĹ‚Ä‡ gÄ™Ĺ›lÄ… jaĹşĹ„";"2561.5875"
"2076";"10/05/2026 00:00:00";"semi; ""quote""
ZaĹĽĂłĹ‚Ä‡ gÄ™Ĺ›lÄ… jaĹşĹ„";"2562.8220"
"2077";"10/05/2026 00:00:00";"semi; ""quote""
ZaĹĽĂłĹ‚Ä‡ gÄ™Ĺ›lÄ… jaĹşĹ„";"2564.0565"
"2078";"10/05/2026 00:00:00";"semi; ""quote""
ZaĹĽĂłĹ‚Ä‡ gÄ™Ĺ›lÄ… jaĹşĹ„";"2565.2910"
"2079";"10/05/2026 00:00:00";"";"2566.5255"
"2080";"10/05/2026 00:00:00";"semi; ""quote""
ZaĹĽĂłĹ‚Ä‡ gÄ™Ĺ›lÄ… jaĹşĹ„";"2567.7600"
"2081";"10/05/2026 00:00:00";"semi; ""quote""
ZaĹĽĂłĹ‚Ä‡ gÄ™Ĺ›lÄ… jaĹşĹ„";"2568.9945"
"2082";"10/05/2026 00:00:00";"semi; ""quote""
ZaĹĽĂłĹ‚Ä‡ gÄ™Ĺ›lÄ… jaĹşĹ„";"2570.2290"
"2083";"10/05/2026 00:00:00";"semi; ""quote""
ZaĹĽĂłĹ‚Ä‡ gÄ™Ĺ›lÄ… jaĹşĹ„";"2571.4635"
"2084";"10/05/2026 00:00:00";"semi; ""quote""
ZaĹĽĂłĹ‚Ä‡ gÄ™Ĺ›lÄ… jaĹşĹ„";"2572.6980"
"2085";"10/05/2026 00:00:00";"semi; ""quote""
ZaĹĽĂłĹ‚Ä‡ gÄ™Ĺ›lÄ… jaĹşĹ„";"2573.9325"
"2086";"10/05/2026 00:00:00";"";"2575.1670"
"2087";"10/05/2026 00:00:00";"semi; ""quote""
ZaĹĽĂłĹ‚Ä‡ gÄ™Ĺ›lÄ… jaĹşĹ„";"2576.4015"
"2088";"10/05/2026 00:00:00";"semi; ""quote""
ZaĹĽĂłĹ‚Ä‡ gÄ™Ĺ›lÄ… jaĹşĹ„";"2577.6360"
"2089";"10/05/2026 00:00:00";"semi; ""quote""
ZaĹĽĂłĹ‚Ä‡ gÄ™Ĺ›lÄ… jaĹşĹ„";"2578.8705"
"2090";"10/05/2026 00:00:00";"semi; ""quote""
ZaĹĽĂłĹ‚Ä‡ gÄ™Ĺ›lÄ… jaĹşĹ„";"2580.1050"
"2091";"10/05/2026 00:00:00";"semi; ""quote""
ZaĹĽĂłĹ‚Ä‡ gÄ™Ĺ›lÄ… jaĹşĹ„";"2581.3395"
"2092";"10/05/2026 00:00:00";"semi; ""quote""
ZaĹĽĂłĹ‚Ä‡ gÄ™Ĺ›lÄ… jaĹşĹ„";"2582.5740"
"2093";"10/05/2026 00:00:00";"";"2583.8085"
"2094";"10/05/2026 00:00:00";"semi; ""quote""
ZaĹĽĂłĹ‚Ä‡ gÄ™Ĺ›lÄ… jaĹşĹ„";"2585.0430"
"2095";"10/05/2026 00:00:00";"semi; ""quote""
ZaĹĽĂłĹ‚Ä‡ gÄ™Ĺ›lÄ… jaĹşĹ„";"2586.2775"
"2096";"10/05/2026 00:00:00";"semi; ""quote""
ZaĹĽĂłĹ‚Ä‡ gÄ™Ĺ›lÄ… jaĹşĹ„";"2587.5120"
"2097";"10/05/2026 00:00:00";"semi; ""quote""
ZaĹĽĂłĹ‚Ä‡ gÄ™Ĺ›lÄ… jaĹşĹ„";"2588.7465"
"2098";"10/05/2026 00:00:00";"semi; ""quote""
ZaĹĽĂłĹ‚Ä‡ gÄ™Ĺ›lÄ… jaĹşĹ„";"2589.9810"
"2099";"10/05/2026 00:00:00";"semi; ""quote""
ZaĹĽĂłĹ‚Ä‡ gÄ™Ĺ›lÄ… jaĹşĹ„";"2591.2155"
"2100";"10/05/2026 00:00:00";"";"2592.4500"
"2101";"10/05/2026 00:00:00";"semi; ""quote""
ZaĹĽĂłĹ‚Ä‡ gÄ™Ĺ›lÄ… jaĹşĹ„";"2593.6845"
"2102";"10/05/2026 00:00:00";"semi; ""quote""
ZaĹĽĂłĹ‚Ä‡ gÄ™Ĺ›lÄ… jaĹşĹ„";"2594.9190"
"2103";"10/05/2026 00:00:00";"semi; ""quote""
ZaĹĽĂłĹ‚Ä‡ gÄ™Ĺ›lÄ… jaĹşĹ„";"2596.1535"
"2104";"10/05/2026 00:00:00";"semi; ""quote""
ZaĹĽĂłĹ‚Ä‡ gÄ™Ĺ›lÄ… jaĹşĹ„";"2597.3880"
"2105";"10/05/2026 00:00:00";"semi; ""quote""
ZaĹĽĂłĹ‚Ä‡ gÄ™Ĺ›lÄ… jaĹşĹ„";"2598.6225"
"2106";"10/05/2026 00:00:00";"semi; ""quote""
ZaĹĽĂłĹ‚Ä‡ gÄ™Ĺ›lÄ… jaĹşĹ„";"2599.8570"
"2107";"10/05/2026 00:00:00";"";"2601.0915"
"2108";"10/05/2026 00:00:00";"semi; ""quote""
ZaĹĽĂłĹ‚Ä‡ gÄ™Ĺ›lÄ… jaĹşĹ„";"2602.3260"
"2109";"10/05/2026 00:00:00";"semi; ""quote""
ZaĹĽĂłĹ‚Ä‡ gÄ™Ĺ›lÄ… jaĹşĹ„";"2603.5605"
"2110";"10/05/2026 00:00:00";"semi; ""quote""
ZaĹĽĂłĹ‚Ä‡ gÄ™Ĺ›lÄ… jaĹşĹ„";"2604.7950"
"2111";"10/05/2026 00:00:00";"semi; ""quote""
ZaĹĽĂłĹ‚Ä‡ gÄ™Ĺ›lÄ… jaĹşĹ„";"2606.0295"
"2112";"10/05/2026 00:00:00";"semi; ""quote""
ZaĹĽĂłĹ‚Ä‡ gÄ™Ĺ›lÄ… jaĹşĹ„";"2607.2640"
"2113";"10/05/2026 00:00:00";"semi; ""quote""
ZaĹĽĂłĹ‚Ä‡ gÄ™Ĺ›lÄ… jaĹşĹ„";"2608.4985"
"2114";"10/05/2026 00:00:00";"";"2609.7330"
"2115";"10/05/2026 00:00:00";"semi; ""quote""
ZaĹĽĂłĹ‚Ä‡ gÄ™Ĺ›lÄ… jaĹşĹ„";"2610.9675"
"2116";"10/05/2026 00:00:00";"semi; ""quote""
ZaĹĽĂłĹ‚Ä‡ gÄ™Ĺ›lÄ… jaĹşĹ„";"2612.2020"
"2117";"10/05/2026 00:00:00";"semi; ""quote""
ZaĹĽĂłĹ‚Ä‡ gÄ™Ĺ›lÄ… jaĹşĹ„";"2613.4365"
"2118";"10/05/2026 00:00:00";"semi; ""quote""
ZaĹĽĂłĹ‚Ä‡ gÄ™Ĺ›lÄ… jaĹşĹ„";"2614.6710"
"2119";"10/05/2026 00:00:00";"semi; ""quote""
ZaĹĽĂłĹ‚Ä‡ gÄ™Ĺ›lÄ… jaĹşĹ„";"2615.9055"
"2120";"10/05/2026 00:00:00";"semi; ""quote""
ZaĹĽĂłĹ‚Ä‡ gÄ™Ĺ›lÄ… jaĹşĹ„";"2617.1400"
"2121";"10/05/2026 00:00:00";"";"2618.3745"
"2122";"10/05/2026 00:00:00";"semi; ""quote""
ZaĹĽĂłĹ‚Ä‡ gÄ™Ĺ›lÄ… jaĹşĹ„";"2619.6090"
"2123";"10/05/2026 00:00:00";"semi; ""quote""
ZaĹĽĂłĹ‚Ä‡ gÄ™Ĺ›lÄ… jaĹşĹ„";"2620.8435"
"2124";"10/05/2026 00:00:00";"semi; ""quote""
ZaĹĽĂłĹ‚Ä‡ gÄ™Ĺ›lÄ… jaĹşĹ„";"2622.0780"
"2125";"10/05/2026 00:00:00";"semi; ""quote""
ZaĹĽĂłĹ‚Ä‡ gÄ™Ĺ›lÄ… jaĹşĹ„";"2623.3125"
"2126";"10/05/2026 00:00:00";"semi; ""quote""
ZaĹĽĂłĹ‚Ä‡ gÄ™Ĺ›lÄ… jaĹşĹ„";"2624.5470"
"2127";"10/05/2026 00:00:00";"semi; ""quote""
ZaĹĽĂłĹ‚Ä‡ gÄ™Ĺ›lÄ… jaĹşĹ„";"2625.7815"
"2128";"10/05/2026 00:00:00";"";"2627.0160"
"2129";"10/05/2026 00:00:00";"semi; ""quote""
ZaĹĽĂłĹ‚Ä‡ gÄ™Ĺ›lÄ… jaĹşĹ„";"2628.2505"
"2130";"10/05/2026 00:00:00";"semi; ""quote""
ZaĹĽĂłĹ‚Ä‡ gÄ™Ĺ›lÄ… jaĹşĹ„";"2629.4850"
"2131";"10/05/2026 00:00:00";"semi; ""quote""
ZaĹĽĂłĹ‚Ä‡ gÄ™Ĺ›lÄ… jaĹşĹ„";"2630.7195"
"2132";"10/05/2026 00:00:00";"semi; ""quote""
ZaĹĽĂłĹ‚Ä‡ gÄ™Ĺ›lÄ… jaĹşĹ„";"2631.9540"
"2133";"10/05/2026 00:00:00";"semi; ""quote""
ZaĹĽĂłĹ‚Ä‡ gÄ™Ĺ›lÄ… jaĹşĹ„";"2633.1885"
"2134";"10/05/2026 00:00:00";"semi; ""quote""
ZaĹĽĂłĹ‚Ä‡ gÄ™Ĺ›lÄ… jaĹşĹ„";"2634.4230"
"2135";"10/05/2026 00:00:00";"";"2635.6575"
"2136";"10/05/2026 00:00:00";"semi; ""quote""
ZaĹĽĂłĹ‚Ä‡ gÄ™Ĺ›lÄ… jaĹşĹ„";"2636.8920"
"2137";"10/05/2026 00:00:00";"semi; ""quote""
ZaĹĽĂłĹ‚Ä‡ gÄ™Ĺ›lÄ… jaĹşĹ„";"2638.1265"
"2138";"10/05/2026 00:00:00";"semi; ""quote""
ZaĹĽĂłĹ‚Ä‡ gÄ™Ĺ›lÄ… jaĹşĹ„";"2639.3610"
"2139";"10/05/2026 00:00:00";"semi; ""quote""
ZaĹĽĂłĹ‚Ä‡ gÄ™Ĺ›lÄ… jaĹşĹ„";"2640.5955"
"2140";"10/05/2026 00:00:00";"semi; ""quote""
ZaĹĽĂłĹ‚Ä‡ gÄ™Ĺ›lÄ… jaĹşĹ„";"2641.8300"
"2141";"10/05/2026 00:00:00";"semi; ""quote""
ZaĹĽĂłĹ‚Ä‡ gÄ™Ĺ›lÄ… jaĹşĹ„";"2643.0645"
"2142";"10/05/2026 00:00:00";"";"2644.2990"
"2143";"10/05/2026 00:00:00";"semi; ""quote""
ZaĹĽĂłĹ‚Ä‡ gÄ™Ĺ›lÄ… jaĹşĹ„";"2645.5335"
"2144";"10/05/2026 00:00:00";"semi; ""quote""
ZaĹĽĂłĹ‚Ä‡ gÄ™Ĺ›lÄ… jaĹşĹ„";"2646.7680"
"2145";"10/05/2026 00:00:00";"semi; ""quote""
ZaĹĽĂłĹ‚Ä‡ gÄ™Ĺ›lÄ… jaĹşĹ„";"2648.0025"
"2146";"10/05/2026 00:00:00";"semi; ""quote""
ZaĹĽĂłĹ‚Ä‡ gÄ™Ĺ›lÄ… jaĹşĹ„";"2649.2370"
"2147";"10/05/2026 00:00:00";"semi; ""quote""
ZaĹĽĂłĹ‚Ä‡ gÄ™Ĺ›lÄ… jaĹşĹ„";"2650.4715"
"2148";"10/05/2026 00:00:00";"semi; ""quote""
ZaĹĽĂłĹ‚Ä‡ gÄ™Ĺ›lÄ… jaĹşĹ„";"2651.7060"
"2149";"10/05/2026 00:00:00";"";"2652.9405"
"2150";"10/05/2026 00:00:00";"semi; ""quote""
ZaĹĽĂłĹ‚Ä‡ gÄ™Ĺ›lÄ… jaĹşĹ„";"2654.1750"
"2151";"10/05/2026 00:00:00";"semi; ""quote""
ZaĹĽĂłĹ‚Ä‡ gÄ™Ĺ›lÄ… jaĹşĹ„";"2655.4095"
"2152";"10/05/2026 00:00:00";"semi; ""quote""
ZaĹĽĂłĹ‚Ä‡ gÄ™Ĺ›lÄ… jaĹşĹ„";"2656.6440"
"2153";"10/05/2026 00:00:00";"semi; ""quote""
ZaĹĽĂłĹ‚Ä‡ gÄ™Ĺ›lÄ… jaĹşĹ„";"2657.8785"
"2154";"10/05/2026 00:00:00";"semi; ""quote""
ZaĹĽĂłĹ‚Ä‡ gÄ™Ĺ›lÄ… jaĹşĹ„";"2659.1130"
"2155";"10/05/2026 00:00:00";"semi; ""quote""
ZaĹĽĂłĹ‚Ä‡ gÄ™Ĺ›lÄ… jaĹşĹ„";"2660.3475"
"2156";"10/05/2026 00:00:00";"";"2661.5820"
"2157";"10/05/2026 00:00:00";"semi; ""quote""
ZaĹĽĂłĹ‚Ä‡ gÄ™Ĺ›lÄ… jaĹşĹ„";"2662.8165"
"2158";"10/05/2026 00:00:00";"semi; ""quote""
ZaĹĽĂłĹ‚Ä‡ gÄ™Ĺ›lÄ… jaĹşĹ„";"2664.0510"
"2159";"10/05/2026 00:00:00";"semi; ""quote""
ZaĹĽĂłĹ‚Ä‡ gÄ™Ĺ›lÄ… jaĹşĹ„";"2665.2855"
"2160";"10/05/2026 00:00:00";"semi; ""quote""
ZaĹĽĂłĹ‚Ä‡ gÄ™Ĺ›lÄ… jaĹşĹ„";"2666.5200"
"2161";"10/05/2026 00:00:00";"semi; ""quote""
ZaĹĽĂłĹ‚Ä‡ gÄ™Ĺ›lÄ… jaĹşĹ„";"2667.7545"
"2162";"10/05/2026 00:00:00";"semi; ""quote""
ZaĹĽĂłĹ‚Ä‡ gÄ™Ĺ›lÄ… jaĹşĹ„";"2668.9890"
"2163";"10/05/2026 00:00:00";"";"2670.2235"
"2164";"10/05/2026 00:00:00";"semi; ""quote""
ZaĹĽĂłĹ‚Ä‡ gÄ™Ĺ›lÄ… jaĹşĹ„";"2671.4580"
"2165";"10/05/2026 00:00:00";"semi; ""quote""
ZaĹĽĂłĹ‚Ä‡ gÄ™Ĺ›lÄ… jaĹşĹ„";"2672.6925"
"2166";"10/05/2026 00:00:00";"semi; ""quote""
ZaĹĽĂłĹ‚Ä‡ gÄ™Ĺ›lÄ… jaĹşĹ„";"2673.9270"
"2167";"10/05/2026 00:00:00";"semi; ""quote""
ZaĹĽĂłĹ‚Ä‡ gÄ™Ĺ›lÄ… jaĹşĹ„";"2675.1615"
"2168";"10/05/2026 00:00:00";"semi; ""quote""
ZaĹĽĂłĹ‚Ä‡ gÄ™Ĺ›lÄ… jaĹşĹ„";"2676.3960"
"2169";"10/05/2026 00:00:00";"semi; ""quote""
ZaĹĽĂłĹ‚Ä‡ gÄ™Ĺ›lÄ… jaĹşĹ„";"2677.6305"
"2170";"10/05/2026 00:00:00";"";"2678.8650"
"2171";"10/05/2026 00:00:00";"semi; ""quote""
ZaĹĽĂłĹ‚Ä‡ gÄ™Ĺ›lÄ… jaĹşĹ„";"2680.0995"
"2172";"10/05/2026 00:00:00";"semi; ""quote""
ZaĹĽĂłĹ‚Ä‡ gÄ™Ĺ›lÄ… jaĹşĹ„";"2681.3340"
"2173";"10/05/2026 00:00:00";"semi; ""quote""
ZaĹĽĂłĹ‚Ä‡ gÄ™Ĺ›lÄ… jaĹşĹ„";"2682.5685"
"2174";"10/05/2026 00:00:00";"semi; ""quote""
ZaĹĽĂłĹ‚Ä‡ gÄ™Ĺ›lÄ… jaĹşĹ„";"2683.8030"
"2175";"10/05/2026 00:00:00";"semi; ""quote""
ZaĹĽĂłĹ‚Ä‡ gÄ™Ĺ›lÄ… jaĹşĹ„";"2685.0375"
"2176";"10/05/2026 00:00:00";"semi; ""quote""
ZaĹĽĂłĹ‚Ä‡ gÄ™Ĺ›lÄ… jaĹşĹ„";"2686.2720"
"2177";"10/05/2026 00:00:00";"";"2687.5065"
"2178";"10/05/2026 00:00:00";"semi; ""quote""
ZaĹĽĂłĹ‚Ä‡ gÄ™Ĺ›lÄ… jaĹşĹ„";"2688.7410"
"2179";"10/05/2026 00:00:00";"semi; ""quote""
ZaĹĽĂłĹ‚Ä‡ gÄ™Ĺ›lÄ… jaĹşĹ„";"2689.9755"
"2180";"10/05/2026 00:00:00";"semi; ""quote""
ZaĹĽĂłĹ‚Ä‡ gÄ™Ĺ›lÄ… jaĹşĹ„";"2691.2100"
"2181";"10/05/2026 00:00:00";"semi; ""quote""
ZaĹĽĂłĹ‚Ä‡ gÄ™Ĺ›lÄ… jaĹşĹ„";"2692.4445"
"2182";"10/05/2026 00:00:00";"semi; ""quote""
ZaĹĽĂłĹ‚Ä‡ gÄ™Ĺ›lÄ… jaĹşĹ„";"2693.6790"
"2183";"10/05/2026 00:00:00";"semi; ""quote""
ZaĹĽĂłĹ‚Ä‡ gÄ™Ĺ›lÄ… jaĹşĹ„";"2694.9135"
"2184";"10/05/2026 00:00:00";"";"2696.1480"
"2185";"10/05/2026 00:00:00";"semi; ""quote""
ZaĹĽĂłĹ‚Ä‡ gÄ™Ĺ›lÄ… jaĹşĹ„";"2697.3825"
"2186";"10/05/2026 00:00:00";"semi; ""quote""
ZaĹĽĂłĹ‚Ä‡ gÄ™Ĺ›lÄ… jaĹşĹ„";"2698.6170"
"2187";"10/05/2026 00:00:00";"semi; ""quote""
ZaĹĽĂłĹ‚Ä‡ gÄ™Ĺ›lÄ… jaĹşĹ„";"2699.8515"
"2188";"10/05/2026 00:00:00";"semi; ""quote""
ZaĹĽĂłĹ‚Ä‡ gÄ™Ĺ›lÄ… jaĹşĹ„";"2701.0860"
"2189";"10/05/2026 00:00:00";"semi; ""quote""
ZaĹĽĂłĹ‚Ä‡ gÄ™Ĺ›lÄ… jaĹşĹ„";"2702.3205"
"2190";"10/05/2026 00:00:00";"semi; ""quote""
ZaĹĽĂłĹ‚Ä‡ gÄ™Ĺ›lÄ… jaĹşĹ„";"2703.5550"
"2191";"10/05/2026 00:00:00";"";"2704.7895"
"2192";"10/05/2026 00:00:00";"semi; ""quote""
ZaĹĽĂłĹ‚Ä‡ gÄ™Ĺ›lÄ… jaĹşĹ„";"2706.0240"
"2193";"10/05/2026 00:00:00";"semi; ""quote""
ZaĹĽĂłĹ‚Ä‡ gÄ™Ĺ›lÄ… jaĹşĹ„";"2707.2585"
"2194";"10/05/2026 00:00:00";"semi; ""quote""
ZaĹĽĂłĹ‚Ä‡ gÄ™Ĺ›lÄ… jaĹşĹ„";"2708.4930"
"2195";"10/05/2026 00:00:00";"semi; ""quote""
ZaĹĽĂłĹ‚Ä‡ gÄ™Ĺ›lÄ… jaĹşĹ„";"2709.7275"
"2196";"10/05/2026 00:00:00";"semi; ""quote""
ZaĹĽĂłĹ‚Ä‡ gÄ™Ĺ›lÄ… jaĹşĹ„";"2710.9620"
"2197";"10/05/2026 00:00:00";"semi; ""quote""
ZaĹĽĂłĹ‚Ä‡ gÄ™Ĺ›lÄ… jaĹşĹ„";"2712.1965"
"2198";"10/05/2026 00:00:00";"";"2713.4310"
"2199";"10/05/2026 00:00:00";"semi; ""quote""
ZaĹĽĂłĹ‚Ä‡ gÄ™Ĺ›lÄ… jaĹşĹ„";"2714.6655"
"2200";"10/05/2026 00:00:00";"semi; ""quote""
ZaĹĽĂłĹ‚Ä‡ gÄ™Ĺ›lÄ… jaĹşĹ„";"2715.9000"
"2201";"10/05/2026 00:00:00";"semi; ""quote""
ZaĹĽĂłĹ‚Ä‡ gÄ™Ĺ›lÄ… jaĹşĹ„";"2717.1345"
"2202";"10/05/2026 00:00:00";"semi; ""quote""
ZaĹĽĂłĹ‚Ä‡ gÄ™Ĺ›lÄ… jaĹşĹ„";"2718.3690"
"2203";"10/05/2026 00:00:00";"semi; ""quote""
ZaĹĽĂłĹ‚Ä‡ gÄ™Ĺ›lÄ… jaĹşĹ„";"2719.6035"
"2204";"10/05/2026 00:00:00";"semi; ""quote""
ZaĹĽĂłĹ‚Ä‡ gÄ™Ĺ›lÄ… jaĹşĹ„";"2720.8380"
"2205";"10/05/2026 00:00:00";"";"2722.0725"
"2206";"10/05/2026 00:00:00";"semi; ""quote""
ZaĹĽĂłĹ‚Ä‡ gÄ™Ĺ›lÄ… jaĹşĹ„";"2723.3070"
"2207";"10/05/2026 00:00:00";"semi; ""quote""
ZaĹĽĂłĹ‚Ä‡ gÄ™Ĺ›lÄ… jaĹşĹ„";"2724.5415"
"2208";"10/05/2026 00:00:00";"semi; ""quote""
ZaĹĽĂłĹ‚Ä‡ gÄ™Ĺ›lÄ… jaĹşĹ„";"2725.7760"
"2209";"10/05/2026 00:00:00";"semi; ""quote""
ZaĹĽĂłĹ‚Ä‡ gÄ™Ĺ›lÄ… jaĹşĹ„";"2727.0105"
"2210";"10/05/2026 00:00:00";"semi; ""quote""
ZaĹĽĂłĹ‚Ä‡ gÄ™Ĺ›lÄ… jaĹşĹ„";"2728.2450"
"2211";"10/05/2026 00:00:00";"semi; ""quote""
ZaĹĽĂłĹ‚Ä‡ gÄ™Ĺ›lÄ… jaĹşĹ„";"2729.4795"
"2212";"10/05/2026 00:00:00";"";"2730.7140"
"2213";"10/05/2026 00:00:00";"semi; ""quote""
ZaĹĽĂłĹ‚Ä‡ gÄ™Ĺ›lÄ… jaĹşĹ„";"2731.9485"
"2214";"10/05/2026 00:00:00";"semi; ""quote""
ZaĹĽĂłĹ‚Ä‡ gÄ™Ĺ›lÄ… jaĹşĹ„";"2733.1830"
"2215";"10/05/2026 00:00:00";"semi; ""quote""
ZaĹĽĂłĹ‚Ä‡ gÄ™Ĺ›lÄ… jaĹşĹ„";"2734.4175"
"2216";"10/05/2026 00:00:00";"semi; ""quote""
ZaĹĽĂłĹ‚Ä‡ gÄ™Ĺ›lÄ… jaĹşĹ„";"2735.6520"
"2217";"10/05/2026 00:00:00";"semi; ""quote""
ZaĹĽĂłĹ‚Ä‡ gÄ™Ĺ›lÄ… jaĹşĹ„";"2736.8865"
"2218";"10/05/2026 00:00:00";"semi; ""quote""
ZaĹĽĂłĹ‚Ä‡ gÄ™Ĺ›lÄ… jaĹşĹ„";"2738.1210"
"2219";"10/05/2026 00:00:00";"";"2739.3555"
"2220";"10/05/2026 00:00:00";"semi; ""quote""
ZaĹĽĂłĹ‚Ä‡ gÄ™Ĺ›lÄ… jaĹşĹ„";"2740.5900"
"2221";"10/05/2026 00:00:00";"semi; ""quote""
ZaĹĽĂłĹ‚Ä‡ gÄ™Ĺ›lÄ… jaĹşĹ„";"2741.8245"
"2222";"10/05/2026 00:00:00";"semi; ""quote""
ZaĹĽĂłĹ‚Ä‡ gÄ™Ĺ›lÄ… jaĹşĹ„";"2743.0590"
"2223";"10/05/2026 00:00:00";"semi; ""quote""
ZaĹĽĂłĹ‚Ä‡ gÄ™Ĺ›lÄ… jaĹşĹ„";"2744.2935"
"2224";"10/05/2026 00:00:00";"semi; ""quote""
ZaĹĽĂłĹ‚Ä‡ gÄ™Ĺ›lÄ… jaĹşĹ„";"2745.5280"
"2225";"10/05/2026 00:00:00";"semi; ""quote""
ZaĹĽĂłĹ‚Ä‡ gÄ™Ĺ›lÄ… jaĹşĹ„";"2746.7625"
"2226";"10/05/2026 00:00:00";"";"2747.9970"
"2227";"10/05/2026 00:00:00";"semi; ""quote""
ZaĹĽĂłĹ‚Ä‡ gÄ™Ĺ›lÄ… jaĹşĹ„";"2749.2315"
"2228";"10/05/2026 00:00:00";"semi; ""quote""
ZaĹĽĂłĹ‚Ä‡ gÄ™Ĺ›lÄ… jaĹşĹ„";"2750.4660"
"2229";"10/05/2026 00:00:00";"semi; ""quote""
ZaĹĽĂłĹ‚Ä‡ gÄ™Ĺ›lÄ… jaĹşĹ„";"2751.7005"
"2230";"10/05/2026 00:00:00";"semi; ""quote""
ZaĹĽĂłĹ‚Ä‡ gÄ™Ĺ›lÄ… jaĹşĹ„";"2752.9350"
"2231";"10/05/2026 00:00:00";"semi; ""quote""
ZaĹĽĂłĹ‚Ä‡ gÄ™Ĺ›lÄ… jaĹşĹ„";"2754.1695"
"2232";"10/05/2026 00:00:00";"semi; ""quote""
ZaĹĽĂłĹ‚Ä‡ gÄ™Ĺ›lÄ… jaĹşĹ„";"2755.4040"
"2233";"10/05/2026 00:00:00";"";"2756.6385"
"2234";"10/05/2026 00:00:00";"semi; ""quote""
ZaĹĽĂłĹ‚Ä‡ gÄ™Ĺ›lÄ… jaĹşĹ„";"2757.8730"
"2235";"10/05/2026 00:00:00";"semi; ""quote""
ZaĹĽĂłĹ‚Ä‡ gÄ™Ĺ›lÄ… jaĹşĹ„";"2759.1075"
"2236";"10/05/2026 00:00:00";"semi; ""quote""
ZaĹĽĂłĹ‚Ä‡ gÄ™Ĺ›lÄ… jaĹşĹ„";"2760.3420"
"2237";"10/05/2026 00:00:00";"semi; ""quote""
ZaĹĽĂłĹ‚Ä‡ gÄ™Ĺ›lÄ… jaĹşĹ„";"2761.5765"
"2238";"10/05/2026 00:00:00";"semi; ""quote""
ZaĹĽĂłĹ‚Ä‡ gÄ™Ĺ›lÄ… jaĹşĹ„";"2762.8110"
"2239";"10/05/2026 00:00:00";"semi; ""quote""
ZaĹĽĂłĹ‚Ä‡ gÄ™Ĺ›lÄ… jaĹşĹ„";"2764.0455"
"2240";"10/05/2026 00:00:00";"";"2765.2800"
"2241";"10/05/2026 00:00:00";"semi; ""quote""
ZaĹĽĂłĹ‚Ä‡ gÄ™Ĺ›lÄ… jaĹşĹ„";"2766.5145"
"2242";"10/05/2026 00:00:00";"semi; ""quote""
ZaĹĽĂłĹ‚Ä‡ gÄ™Ĺ›lÄ… jaĹşĹ„";"2767.7490"
"2243";"10/05/2026 00:00:00";"semi; ""quote""
ZaĹĽĂłĹ‚Ä‡ gÄ™Ĺ›lÄ… jaĹşĹ„";"2768.9835"
"2244";"10/05/2026 00:00:00";"semi; ""quote""
ZaĹĽĂłĹ‚Ä‡ gÄ™Ĺ›lÄ… jaĹşĹ„";"2770.2180"
"2245";"10/05/2026 00:00:00";"semi; ""quote""
ZaĹĽĂłĹ‚Ä‡ gÄ™Ĺ›lÄ… jaĹşĹ„";"2771.4525"
"2246";"10/05/2026 00:00:00";"semi; ""quote""
ZaĹĽĂłĹ‚Ä‡ gÄ™Ĺ›lÄ… jaĹşĹ„";"2772.6870"
"2247";"10/05/2026 00:00:00";"";"2773.9215"
"2248";"10/05/2026 00:00:00";"semi; ""quote""
ZaĹĽĂłĹ‚Ä‡ gÄ™Ĺ›lÄ… jaĹşĹ„";"2775.1560"
"2249";"10/05/2026 00:00:00";"semi; ""quote""
ZaĹĽĂłĹ‚Ä‡ gÄ™Ĺ›lÄ… jaĹşĹ„";"2776.3905"
"2250";"10/05/2026 00:00:00";"semi; ""quote""
ZaĹĽĂłĹ‚Ä‡ gÄ™Ĺ›lÄ… jaĹşĹ„";"2777.6250"
"2251";"10/05/2026 00:00:00";"semi; ""quote""
ZaĹĽĂłĹ‚Ä‡ gÄ™Ĺ›lÄ… jaĹşĹ„";"2778.8595"
"2252";"10/05/2026 00:00:00";"semi; ""quote""
ZaĹĽĂłĹ‚Ä‡ gÄ™Ĺ›lÄ… jaĹşĹ„";"2780.0940"
"2253";"10/05/2026 00:00:00";"semi; ""quote""
ZaĹĽĂłĹ‚Ä‡ gÄ™Ĺ›lÄ… jaĹşĹ„";"2781.3285"
"2254";"10/05/2026 00:00:00";"";"2782.5630"
"2255";"10/05/2026 00:00:00";"semi; ""quote""
ZaĹĽĂłĹ‚Ä‡ gÄ™Ĺ›lÄ… jaĹşĹ„";"2783.7975"
"2256";"10/05/2026 00:00:00";"semi; ""quote""
ZaĹĽĂłĹ‚Ä‡ gÄ™Ĺ›lÄ… jaĹşĹ„";"2785.0320"
"2257";"10/05/2026 00:00:00";"semi; ""quote""
ZaĹĽĂłĹ‚Ä‡ gÄ™Ĺ›lÄ… jaĹşĹ„";"2786.2665"
"2258";"10/05/2026 00:00:00";"semi; ""quote""
ZaĹĽĂłĹ‚Ä‡ gÄ™Ĺ›lÄ… jaĹşĹ„";"2787.5010"
"2259";"10/05/2026 00:00:00";"semi; ""quote""
ZaĹĽĂłĹ‚Ä‡ gÄ™Ĺ›lÄ… jaĹşĹ„";"2788.7355"
"2260";"10/05/2026 00:00:00";"semi; ""quote""
ZaĹĽĂłĹ‚Ä‡ gÄ™Ĺ›lÄ… jaĹşĹ„";"2789.9700"
"2261";"10/05/2026 00:00:00";"";"2791.2045"
"2262";"10/05/2026 00:00:00";"semi; ""quote""
ZaĹĽĂłĹ‚Ä‡ gÄ™Ĺ›lÄ… jaĹşĹ„";"2792.4390"
"2263";"10/05/2026 00:00:00";"semi; ""quote""
ZaĹĽĂłĹ‚Ä‡ gÄ™Ĺ›lÄ… jaĹşĹ„";"2793.6735"
"2264";"10/05/2026 00:00:00";"semi; ""quote""
ZaĹĽĂłĹ‚Ä‡ gÄ™Ĺ›lÄ… jaĹşĹ„";"2794.9080"
"2265";"10/05/2026 00:00:00";"semi; ""quote""
ZaĹĽĂłĹ‚Ä‡ gÄ™Ĺ›lÄ… jaĹşĹ„";"2796.1425"
"2266";"10/05/2026 00:00:00";"semi; ""quote""
ZaĹĽĂłĹ‚Ä‡ gÄ™Ĺ›lÄ… jaĹşĹ„";"2797.3770"
"2267";"10/05/2026 00:00:00";"semi; ""quote""
ZaĹĽĂłĹ‚Ä‡ gÄ™Ĺ›lÄ… jaĹşĹ„";"2798.6115"
"2268";"10/05/2026 00:00:00";"";"2799.8460"
"2269";"10/05/2026 00:00:00";"semi; ""quote""
ZaĹĽĂłĹ‚Ä‡ gÄ™Ĺ›lÄ… jaĹşĹ„";"2801.0805"
"2270";"10/05/2026 00:00:00";"semi; ""quote""
ZaĹĽĂłĹ‚Ä‡ gÄ™Ĺ›lÄ… jaĹşĹ„";"2802.3150"
"2271";"10/05/2026 00:00:00";"semi; ""quote""
ZaĹĽĂłĹ‚Ä‡ gÄ™Ĺ›lÄ… jaĹşĹ„";"2803.5495"
"2272";"10/05/2026 00:00:00";"semi; ""quote""
ZaĹĽĂłĹ‚Ä‡ gÄ™Ĺ›lÄ… jaĹşĹ„";"2804.7840"
"2273";"10/05/2026 00:00:00";"semi; ""quote""
ZaĹĽĂłĹ‚Ä‡ gÄ™Ĺ›lÄ… jaĹşĹ„";"2806.0185"
"2274";"10/05/2026 00:00:00";"semi; ""quote""
ZaĹĽĂłĹ‚Ä‡ gÄ™Ĺ›lÄ… jaĹşĹ„";"2807.2530"
"2275";"10/05/2026 00:00:00";"";"2808.4875"
"2276";"10/05/2026 00:00:00";"semi; ""quote""
ZaĹĽĂłĹ‚Ä‡ gÄ™Ĺ›lÄ… jaĹşĹ„";"2809.7220"
"2277";"10/05/2026 00:00:00";"semi; ""quote""
ZaĹĽĂłĹ‚Ä‡ gÄ™Ĺ›lÄ… jaĹşĹ„";"2810.9565"
"2278";"10/05/2026 00:00:00";"semi; ""quote""
ZaĹĽĂłĹ‚Ä‡ gÄ™Ĺ›lÄ… jaĹşĹ„";"2812.1910"
"2279";"10/05/2026 00:00:00";"semi; ""quote""
ZaĹĽĂłĹ‚Ä‡ gÄ™Ĺ›lÄ… jaĹşĹ„";"2813.4255"
"2280";"10/05/2026 00:00:00";"semi; ""quote""
ZaĹĽĂłĹ‚Ä‡ gÄ™Ĺ›lÄ… jaĹşĹ„";"2814.6600"
"2281";"10/05/2026 00:00:00";"semi; ""quote""
ZaĹĽĂłĹ‚Ä‡ gÄ™Ĺ›lÄ… jaĹşĹ„";"2815.8945"
"2282";"10/05/2026 00:00:00";"";"2817.1290"
"2283";"10/05/2026 00:00:00";"semi; ""quote""
ZaĹĽĂłĹ‚Ä‡ gÄ™Ĺ›lÄ… jaĹşĹ„";"2818.3635"
"2284";"10/05/2026 00:00:00";"semi; ""quote""
ZaĹĽĂłĹ‚Ä‡ gÄ™Ĺ›lÄ… jaĹşĹ„";"2819.5980"
"2285";"10/05/2026 00:00:00";"semi; ""quote""
ZaĹĽĂłĹ‚Ä‡ gÄ™Ĺ›lÄ… jaĹşĹ„";"2820.8325"
"2286";"10/05/2026 00:00:00";"semi; ""quote""
ZaĹĽĂłĹ‚Ä‡ gÄ™Ĺ›lÄ… jaĹşĹ„";"2822.0670"
"2287";"10/05/2026 00:00:00";"semi; ""quote""
ZaĹĽĂłĹ‚Ä‡ gÄ™Ĺ›lÄ… jaĹşĹ„";"2823.3015"
"2288";"10/05/2026 00:00:00";"semi; ""quote""
ZaĹĽĂłĹ‚Ä‡ gÄ™Ĺ›lÄ… jaĹşĹ„";"2824.5360"
"2289";"10/05/2026 00:00:00";"";"2825.7705"
"2290";"10/05/2026 00:00:00";"semi; ""quote""
ZaĹĽĂłĹ‚Ä‡ gÄ™Ĺ›lÄ… jaĹşĹ„";"2827.0050"
"2291";"10/05/2026 00:00:00";"semi; ""quote""
ZaĹĽĂłĹ‚Ä‡ gÄ™Ĺ›lÄ… jaĹşĹ„";"2828.2395"
"2292";"10/05/2026 00:00:00";"semi; ""quote""
ZaĹĽĂłĹ‚Ä‡ gÄ™Ĺ›lÄ… jaĹşĹ„";"2829.4740"
"2293";"10/05/2026 00:00:00";"semi; ""quote""
ZaĹĽĂłĹ‚Ä‡ gÄ™Ĺ›lÄ… jaĹşĹ„";"2830.7085"
"2294";"10/05/2026 00:00:00";"semi; ""quote""
ZaĹĽĂłĹ‚Ä‡ gÄ™Ĺ›lÄ… jaĹşĹ„";"2831.9430"
"2295";"10/05/2026 00:00:00";"semi; ""quote""
ZaĹĽĂłĹ‚Ä‡ gÄ™Ĺ›lÄ… jaĹşĹ„";"2833.1775"
"2296";"10/05/2026 00:00:00";"";"2834.4120"
"2297";"10/05/2026 00:00:00";"semi; ""quote""
ZaĹĽĂłĹ‚Ä‡ gÄ™Ĺ›lÄ… jaĹşĹ„";"2835.6465"
"2298";"10/05/2026 00:00:00";"semi; ""quote""
ZaĹĽĂłĹ‚Ä‡ gÄ™Ĺ›lÄ… jaĹşĹ„";"2836.8810"
"2299";"10/05/2026 00:00:00";"semi; ""quote""
ZaĹĽĂłĹ‚Ä‡ gÄ™Ĺ›lÄ… jaĹşĹ„";"2838.1155"
"2300";"10/05/2026 00:00:00";"semi; ""quote""
ZaĹĽĂłĹ‚Ä‡ gÄ™Ĺ›lÄ… jaĹşĹ„";"2839.3500"
"2301";"10/05/2026 00:00:00";"semi; ""quote""
ZaĹĽĂłĹ‚Ä‡ gÄ™Ĺ›lÄ… jaĹşĹ„";"2840.5845"
"2302";"10/05/2026 00:00:00";"semi; ""quote""
ZaĹĽĂłĹ‚Ä‡ gÄ™Ĺ›lÄ… jaĹşĹ„";"2841.8190"
"2303";"10/05/2026 00:00:00";"";"2843.0535"
"2304";"10/05/2026 00:00:00";"semi; ""quote""
ZaĹĽĂłĹ‚Ä‡ gÄ™Ĺ›lÄ… jaĹşĹ„";"2844.2880"
"2305";"10/05/2026 00:00:00";"semi; ""quote""
ZaĹĽĂłĹ‚Ä‡ gÄ™Ĺ›lÄ… jaĹşĹ„";"2845.5225"
"2306";"10/05/2026 00:00:00";"semi; ""quote""
ZaĹĽĂłĹ‚Ä‡ gÄ™Ĺ›lÄ… jaĹşĹ„";"2846.7570"
"2307";"10/05/2026 00:00:00";"semi; ""quote""
ZaĹĽĂłĹ‚Ä‡ gÄ™Ĺ›lÄ… jaĹşĹ„";"2847.9915"
"2308";"10/05/2026 00:00:00";"semi; ""quote""
ZaĹĽĂłĹ‚Ä‡ gÄ™Ĺ›lÄ… jaĹşĹ„";"2849.2260"
"2309";"10/05/2026 00:00:00";"semi; ""quote""
ZaĹĽĂłĹ‚Ä‡ gÄ™Ĺ›lÄ… jaĹşĹ„";"2850.4605"
"2310";"10/05/2026 00:00:00";"";"2851.6950"
"2311";"10/05/2026 00:00:00";"semi; ""quote""
ZaĹĽĂłĹ‚Ä‡ gÄ™Ĺ›lÄ… jaĹşĹ„";"2852.9295"
"2312";"10/05/2026 00:00:00";"semi; ""quote""
ZaĹĽĂłĹ‚Ä‡ gÄ™Ĺ›lÄ… jaĹşĹ„";"2854.1640"
"2313";"10/05/2026 00:00:00";"semi; ""quote""
ZaĹĽĂłĹ‚Ä‡ gÄ™Ĺ›lÄ… jaĹşĹ„";"2855.3985"
"2314";"10/05/2026 00:00:00";"semi; ""quote""
ZaĹĽĂłĹ‚Ä‡ gÄ™Ĺ›lÄ… jaĹşĹ„";"2856.6330"
"2315";"10/05/2026 00:00:00";"semi; ""quote""
ZaĹĽĂłĹ‚Ä‡ gÄ™Ĺ›lÄ… jaĹşĹ„";"2857.8675"
"2316";"10/05/2026 00:00:00";"semi; ""quote""
ZaĹĽĂłĹ‚Ä‡ gÄ™Ĺ›lÄ… jaĹşĹ„";"2859.1020"
"2317";"10/05/2026 00:00:00";"";"2860.3365"
"2318";"10/05/2026 00:00:00";"semi; ""quote""
ZaĹĽĂłĹ‚Ä‡ gÄ™Ĺ›lÄ… jaĹşĹ„";"2861.5710"
"2319";"10/05/2026 00:00:00";"semi; ""quote""
ZaĹĽĂłĹ‚Ä‡ gÄ™Ĺ›lÄ… jaĹşĹ„";"2862.8055"
"2320";"10/05/2026 00:00:00";"semi; ""quote""
ZaĹĽĂłĹ‚Ä‡ gÄ™Ĺ›lÄ… jaĹşĹ„";"2864.0400"
"2321";"10/05/2026 00:00:00";"semi; ""quote""
ZaĹĽĂłĹ‚Ä‡ gÄ™Ĺ›lÄ… jaĹşĹ„";"2865.2745"
"2322";"10/05/2026 00:00:00";"semi; ""quote""
ZaĹĽĂłĹ‚Ä‡ gÄ™Ĺ›lÄ… jaĹşĹ„";"2866.5090"
"2323";"10/05/2026 00:00:00";"semi; ""quote""
ZaĹĽĂłĹ‚Ä‡ gÄ™Ĺ›lÄ… jaĹşĹ„";"2867.7435"
"2324";"10/05/2026 00:00:00";"";"2868.9780"
"2325";"10/05/2026 00:00:00";"semi; ""quote""
ZaĹĽĂłĹ‚Ä‡ gÄ™Ĺ›lÄ… jaĹşĹ„";"2870.2125"
"2326";"10/05/2026 00:00:00";"semi; ""quote""
ZaĹĽĂłĹ‚Ä‡ gÄ™Ĺ›lÄ… jaĹşĹ„";"2871.4470"
"2327";"10/05/2026 00:00:00";"semi; ""quote""
ZaĹĽĂłĹ‚Ä‡ gÄ™Ĺ›lÄ… jaĹşĹ„";"2872.6815"
"2328";"10/05/2026 00:00:00";"semi; ""quote""
ZaĹĽĂłĹ‚Ä‡ gÄ™Ĺ›lÄ… jaĹşĹ„";"2873.9160"
"2329";"10/05/2026 00:00:00";"semi; ""quote""
ZaĹĽĂłĹ‚Ä‡ gÄ™Ĺ›lÄ… jaĹşĹ„";"2875.1505"
"2330";"10/05/2026 00:00:00";"semi; ""quote""
ZaĹĽĂłĹ‚Ä‡ gÄ™Ĺ›lÄ… jaĹşĹ„";"2876.3850"
"2331";"10/05/2026 00:00:00";"";"2877.6195"
"2332";"10/05/2026 00:00:00";"semi; ""quote""
ZaĹĽĂłĹ‚Ä‡ gÄ™Ĺ›lÄ… jaĹşĹ„";"2878.8540"
"2333";"10/05/2026 00:00:00";"semi; ""quote""
ZaĹĽĂłĹ‚Ä‡ gÄ™Ĺ›lÄ… jaĹşĹ„";"2880.0885"
"2334";"10/05/2026 00:00:00";"semi; ""quote""
ZaĹĽĂłĹ‚Ä‡ gÄ™Ĺ›lÄ… jaĹşĹ„";"2881.3230"
"2335";"10/05/2026 00:00:00";"semi; ""quote""
ZaĹĽĂłĹ‚Ä‡ gÄ™Ĺ›lÄ… jaĹşĹ„";"2882.5575"
"2336";"10/05/2026 00:00:00";"semi; ""quote""
ZaĹĽĂłĹ‚Ä‡ gÄ™Ĺ›lÄ… jaĹşĹ„";"2883.7920"
"2337";"10/05/2026 00:00:00";"semi; ""quote""
ZaĹĽĂłĹ‚Ä‡ gÄ™Ĺ›lÄ… jaĹşĹ„";"2885.0265"
"2338";"10/05/2026 00:00:00";"";"2886.2610"
"2339";"10/05/2026 00:00:00";"semi; ""quote""
ZaĹĽĂłĹ‚Ä‡ gÄ™Ĺ›lÄ… jaĹşĹ„";"2887.4955"
"2340";"10/05/2026 00:00:00";"semi; ""quote""
ZaĹĽĂłĹ‚Ä‡ gÄ™Ĺ›lÄ… jaĹşĹ„";"2888.7300"
"2341";"10/05/2026 00:00:00";"semi; ""quote""
ZaĹĽĂłĹ‚Ä‡ gÄ™Ĺ›lÄ… jaĹşĹ„";"2889.9645"
"2342";"10/05/2026 00:00:00";"semi; ""quote""
ZaĹĽĂłĹ‚Ä‡ gÄ™Ĺ›lÄ… jaĹşĹ„";"2891.1990"
"2343";"10/05/2026 00:00:00";"semi; ""quote""
ZaĹĽĂłĹ‚Ä‡ gÄ™Ĺ›lÄ… jaĹşĹ„";"2892.4335"
"2344";"10/05/2026 00:00:00";"semi; ""quote""
ZaĹĽĂłĹ‚Ä‡ gÄ™Ĺ›lÄ… jaĹşĹ„";"2893.6680"
"2345";"10/05/2026 00:00:00";"";"2894.9025"
"2346";"10/05/2026 00:00:00";"semi; ""quote""
ZaĹĽĂłĹ‚Ä‡ gÄ™Ĺ›lÄ… jaĹşĹ„";"2896.1370"
"2347";"10/05/2026 00:00:00";"semi; ""quote""
ZaĹĽĂłĹ‚Ä‡ gÄ™Ĺ›lÄ… jaĹşĹ„";"2897.3715"
"2348";"10/05/2026 00:00:00";"semi; ""quote""
ZaĹĽĂłĹ‚Ä‡ gÄ™Ĺ›lÄ… jaĹşĹ„";"2898.6060"
"2349";"10/05/2026 00:00:00";"semi; ""quote""
ZaĹĽĂłĹ‚Ä‡ gÄ™Ĺ›lÄ… jaĹşĹ„";"2899.8405"
"2350";"10/05/2026 00:00:00";"semi; ""quote""
ZaĹĽĂłĹ‚Ä‡ gÄ™Ĺ›lÄ… jaĹşĹ„";"2901.0750"
"2351";"10/05/2026 00:00:00";"semi; ""quote""
ZaĹĽĂłĹ‚Ä‡ gÄ™Ĺ›lÄ… jaĹşĹ„";"2902.3095"
"2352";"10/05/2026 00:00:00";"";"2903.5440"
"2353";"10/05/2026 00:00:00";"semi; ""quote""
ZaĹĽĂłĹ‚Ä‡ gÄ™Ĺ›lÄ… jaĹşĹ„";"2904.7785"
"2354";"10/05/2026 00:00:00";"semi; ""quote""
ZaĹĽĂłĹ‚Ä‡ gÄ™Ĺ›lÄ… jaĹşĹ„";"2906.0130"
"2355";"10/05/2026 00:00:00";"semi; ""quote""
ZaĹĽĂłĹ‚Ä‡ gÄ™Ĺ›lÄ… jaĹşĹ„";"2907.2475"
"2356";"10/05/2026 00:00:00";"semi; ""quote""
ZaĹĽĂłĹ‚Ä‡ gÄ™Ĺ›lÄ… jaĹşĹ„";"2908.4820"
"2357";"10/05/2026 00:00:00";"semi; ""quote""
ZaĹĽĂłĹ‚Ä‡ gÄ™Ĺ›lÄ… jaĹşĹ„";"2909.7165"
"2358";"10/05/2026 00:00:00";"semi; ""quote""
ZaĹĽĂłĹ‚Ä‡ gÄ™Ĺ›lÄ… jaĹşĹ„";"2910.9510"
"2359";"10/05/2026 00:00:00";"";"2912.1855"
"2360";"10/05/2026 00:00:00";"semi; ""quote""
ZaĹĽĂłĹ‚Ä‡ gÄ™Ĺ›lÄ… jaĹşĹ„";"2913.4200"
"2361";"10/05/2026 00:00:00";"semi; ""quote""
ZaĹĽĂłĹ‚Ä‡ gÄ™Ĺ›lÄ… jaĹşĹ„";"2914.6545"
"2362";"10/05/2026 00:00:00";"semi; ""quote""
ZaĹĽĂłĹ‚Ä‡ gÄ™Ĺ›lÄ… jaĹşĹ„";"2915.8890"
"2363";"10/05/2026 00:00:00";"semi; ""quote""
ZaĹĽĂłĹ‚Ä‡ gÄ™Ĺ›lÄ… jaĹşĹ„";"2917.1235"
"2364";"10/05/2026 00:00:00";"semi; ""quote""
ZaĹĽĂłĹ‚Ä‡ gÄ™Ĺ›lÄ… jaĹşĹ„";"2918.3580"
"2365";"10/05/2026 00:00:00";"semi; ""quote""
ZaĹĽĂłĹ‚Ä‡ gÄ™Ĺ›lÄ… jaĹşĹ„";"2919.5925"
"2366";"10/05/2026 00:00:00";"";"2920.8270"
"2367";"10/05/2026 00:00:00";"semi; ""quote""
ZaĹĽĂłĹ‚Ä‡ gÄ™Ĺ›lÄ… jaĹşĹ„";"2922.0615"
"2368";"10/05/2026 00:00:00";"semi; ""quote""
ZaĹĽĂłĹ‚Ä‡ gÄ™Ĺ›lÄ… jaĹşĹ„";"2923.2960"
"2369";"10/05/2026 00:00:00";"semi; ""quote""
ZaĹĽĂłĹ‚Ä‡ gÄ™Ĺ›lÄ… jaĹşĹ„";"2924.5305"
"2370";"10/05/2026 00:00:00";"semi; ""quote""
ZaĹĽĂłĹ‚Ä‡ gÄ™Ĺ›lÄ… jaĹşĹ„";"2925.7650"
"2371";"10/05/2026 00:00:00";"semi; ""quote""
ZaĹĽĂłĹ‚Ä‡ gÄ™Ĺ›lÄ… jaĹşĹ„";"2926.9995"
"2372";"10/05/2026 00:00:00";"semi; ""quote""
ZaĹĽĂłĹ‚Ä‡ gÄ™Ĺ›lÄ… jaĹşĹ„";"2928.2340"
"2373";"10/05/2026 00:00:00";"";"2929.4685"
"2374";"10/05/2026 00:00:00";"semi; ""quote""
ZaĹĽĂłĹ‚Ä‡ gÄ™Ĺ›lÄ… jaĹşĹ„";"2930.7030"
"2375";"10/05/2026 00:00:00";"semi; ""quote""
ZaĹĽĂłĹ‚Ä‡ gÄ™Ĺ›lÄ… jaĹşĹ„";"2931.9375"
"2376";"10/05/2026 00:00:00";"semi; ""quote""
ZaĹĽĂłĹ‚Ä‡ gÄ™Ĺ›lÄ… jaĹşĹ„";"2933.1720"
"2377";"10/05/2026 00:00:00";"semi; ""quote""
ZaĹĽĂłĹ‚Ä‡ gÄ™Ĺ›lÄ… jaĹşĹ„";"2934.4065"
"2378";"10/05/2026 00:00:00";"semi; ""quote""
ZaĹĽĂłĹ‚Ä‡ gÄ™Ĺ›lÄ… jaĹşĹ„";"2935.6410"
"2379";"10/05/2026 00:00:00";"semi; ""quote""
ZaĹĽĂłĹ‚Ä‡ gÄ™Ĺ›lÄ… jaĹşĹ„";"2936.8755"
"2380";"10/05/2026 00:00:00";"";"2938.1100"
"2381";"10/05/2026 00:00:00";"semi; ""quote""
ZaĹĽĂłĹ‚Ä‡ gÄ™Ĺ›lÄ… jaĹşĹ„";"2939.3445"
"2382";"10/05/2026 00:00:00";"semi; ""quote""
ZaĹĽĂłĹ‚Ä‡ gÄ™Ĺ›lÄ… jaĹşĹ„";"2940.5790"
"2383";"10/05/2026 00:00:00";"semi; ""quote""
ZaĹĽĂłĹ‚Ä‡ gÄ™Ĺ›lÄ… jaĹşĹ„";"2941.8135"
"2384";"10/05/2026 00:00:00";"semi; ""quote""
ZaĹĽĂłĹ‚Ä‡ gÄ™Ĺ›lÄ… jaĹşĹ„";"2943.0480"
"2385";"10/05/2026 00:00:00";"semi; ""quote""
ZaĹĽĂłĹ‚Ä‡ gÄ™Ĺ›lÄ… jaĹşĹ„";"2944.2825"
"2386";"10/05/2026 00:00:00";"semi; ""quote""
ZaĹĽĂłĹ‚Ä‡ gÄ™Ĺ›lÄ… jaĹşĹ„";"2945.5170"
"2387";"10/05/2026 00:00:00";"";"2946.7515"
"2388";"10/05/2026 00:00:00";"semi; ""quote""
ZaĹĽĂłĹ‚Ä‡ gÄ™Ĺ›lÄ… jaĹşĹ„";"2947.9860"
"2389";"10/05/2026 00:00:00";"semi; ""quote""
ZaĹĽĂłĹ‚Ä‡ gÄ™Ĺ›lÄ… jaĹşĹ„";"2949.2205"
"2390";"10/05/2026 00:00:00";"semi; ""quote""
ZaĹĽĂłĹ‚Ä‡ gÄ™Ĺ›lÄ… jaĹşĹ„";"2950.4550"
"2391";"10/05/2026 00:00:00";"semi; ""quote""
ZaĹĽĂłĹ‚Ä‡ gÄ™Ĺ›lÄ… jaĹşĹ„";"2951.6895"
"2392";"10/05/2026 00:00:00";"semi; ""quote""
ZaĹĽĂłĹ‚Ä‡ gÄ™Ĺ›lÄ… jaĹşĹ„";"2952.9240"
"2393";"10/05/2026 00:00:00";"semi; ""quote""
ZaĹĽĂłĹ‚Ä‡ gÄ™Ĺ›lÄ… jaĹşĹ„";"2954.1585"
"2394";"10/05/2026 00:00:00";"";"2955.3930"
"2395";"10/05/2026 00:00:00";"semi; ""quote""
ZaĹĽĂłĹ‚Ä‡ gÄ™Ĺ›lÄ… jaĹşĹ„";"2956.6275"
"2396";"10/05/2026 00:00:00";"semi; ""quote""
ZaĹĽĂłĹ‚Ä‡ gÄ™Ĺ›lÄ… jaĹşĹ„";"2957.8620"
"2397";"10/05/2026 00:00:00";"semi; ""quote""
ZaĹĽĂłĹ‚Ä‡ gÄ™Ĺ›lÄ… jaĹşĹ„";"2959.0965"
"2398";"10/05/2026 00:00:00";"semi; ""quote""
ZaĹĽĂłĹ‚Ä‡ gÄ™Ĺ›lÄ… jaĹşĹ„";"2960.3310"
"2399";"10/05/2026 00:00:00";"semi; ""quote""
ZaĹĽĂłĹ‚Ä‡ gÄ™Ĺ›lÄ… jaĹşĹ„";"2961.5655"
"2400";"10/05/2026 00:00:00";"semi; ""quote""
ZaĹĽĂłĹ‚Ä‡ gÄ™Ĺ›lÄ… jaĹşĹ„";"2962.8000"
"2401";"10/05/2026 00:00:00";"";"2964.0345"
"2402";"10/05/2026 00:00:00";"semi; ""quote""
ZaĹĽĂłĹ‚Ä‡ gÄ™Ĺ›lÄ… jaĹşĹ„";"2965.2690"
"2403";"10/05/2026 00:00:00";"semi; ""quote""
ZaĹĽĂłĹ‚Ä‡ gÄ™Ĺ›lÄ… jaĹşĹ„";"2966.5035"
"2404";"10/05/2026 00:00:00";"semi; ""quote""
ZaĹĽĂłĹ‚Ä‡ gÄ™Ĺ›lÄ… jaĹşĹ„";"2967.7380"
"2405";"10/05/2026 00:00:00";"semi; ""quote""
ZaĹĽĂłĹ‚Ä‡ gÄ™Ĺ›lÄ… jaĹşĹ„";"2968.9725"
"2406";"10/05/2026 00:00:00";"semi; ""quote""
ZaĹĽĂłĹ‚Ä‡ gÄ™Ĺ›lÄ… jaĹşĹ„";"2970.2070"
"2407";"10/05/2026 00:00:00";"semi; ""quote""
ZaĹĽĂłĹ‚Ä‡ gÄ™Ĺ›lÄ… jaĹşĹ„";"2971.4415"
"2408";"10/05/2026 00:00:00";"";"2972.6760"
"2409";"10/05/2026 00:00:00";"semi; ""quote""
ZaĹĽĂłĹ‚Ä‡ gÄ™Ĺ›lÄ… jaĹşĹ„";"2973.9105"
"2410";"10/05/2026 00:00:00";"semi; ""quote""
ZaĹĽĂłĹ‚Ä‡ gÄ™Ĺ›lÄ… jaĹşĹ„";"2975.1450"
"2411";"10/05/2026 00:00:00";"semi; ""quote""
ZaĹĽĂłĹ‚Ä‡ gÄ™Ĺ›lÄ… jaĹşĹ„";"2976.3795"
"2412";"10/05/2026 00:00:00";"semi; ""quote""
ZaĹĽĂłĹ‚Ä‡ gÄ™Ĺ›lÄ… jaĹşĹ„";"2977.6140"
"2413";"10/05/2026 00:00:00";"semi; ""quote""
ZaĹĽĂłĹ‚Ä‡ gÄ™Ĺ›lÄ… jaĹşĹ„";"2978.8485"
"2414";"10/05/2026 00:00:00";"semi; ""quote""
ZaĹĽĂłĹ‚Ä‡ gÄ™Ĺ›lÄ… jaĹşĹ„";"2980.0830"
"2415";"10/05/2026 00:00:00";"";"2981.3175"
"2416";"10/05/2026 00:00:00";"semi; ""quote""
ZaĹĽĂłĹ‚Ä‡ gÄ™Ĺ›lÄ… jaĹşĹ„";"2982.5520"
"2417";"10/05/2026 00:00:00";"semi; ""quote""
ZaĹĽĂłĹ‚Ä‡ gÄ™Ĺ›lÄ… jaĹşĹ„";"2983.7865"
"2418";"10/05/2026 00:00:00";"semi; ""quote""
ZaĹĽĂłĹ‚Ä‡ gÄ™Ĺ›lÄ… jaĹşĹ„";"2985.0210"
"2419";"10/05/2026 00:00:00";"semi; ""quote""
ZaĹĽĂłĹ‚Ä‡ gÄ™Ĺ›lÄ… jaĹşĹ„";"2986.2555"
"2420";"10/05/2026 00:00:00";"semi; ""quote""
ZaĹĽĂłĹ‚Ä‡ gÄ™Ĺ›lÄ… jaĹşĹ„";"2987.4900"
"2421";"10/05/2026 00:00:00";"semi; ""quote""
ZaĹĽĂłĹ‚Ä‡ gÄ™Ĺ›lÄ… jaĹşĹ„";"2988.7245"
"2422";"10/05/2026 00:00:00";"";"2989.9590"
"2423";"10/05/2026 00:00:00";"semi; ""quote""
ZaĹĽĂłĹ‚Ä‡ gÄ™Ĺ›lÄ… jaĹşĹ„";"2991.1935"
"2424";"10/05/2026 00:00:00";"semi; ""quote""
ZaĹĽĂłĹ‚Ä‡ gÄ™Ĺ›lÄ… jaĹşĹ„";"2992.4280"
"2425";"10/05/2026 00:00:00";"semi; ""quote""
ZaĹĽĂłĹ‚Ä‡ gÄ™Ĺ›lÄ… jaĹşĹ„";"2993.6625"
"2426";"10/05/2026 00:00:00";"semi; ""quote""
ZaĹĽĂłĹ‚Ä‡ gÄ™Ĺ›lÄ… jaĹşĹ„";"2994.8970"
"2427";"10/05/2026 00:00:00";"semi; ""quote""
ZaĹĽĂłĹ‚Ä‡ gÄ™Ĺ›lÄ… jaĹşĹ„";"2996.1315"
"2428";"10/05/2026 00:00:00";"semi; ""quote""
ZaĹĽĂłĹ‚Ä‡ gÄ™Ĺ›lÄ… jaĹşĹ„";"2997.3660"
"2429";"10/05/2026 00:00:00";"";"2998.6005"
"2430";"10/05/2026 00:00:00";"semi; ""quote""
ZaĹĽĂłĹ‚Ä‡ gÄ™Ĺ›lÄ… jaĹşĹ„";"2999.8350"
"2431";"10/05/2026 00:00:00";"semi; ""quote""
ZaĹĽĂłĹ‚Ä‡ gÄ™Ĺ›lÄ… jaĹşĹ„";"3001.0695"
"2432";"10/05/2026 00:00:00";"semi; ""quote""
ZaĹĽĂłĹ‚Ä‡ gÄ™Ĺ›lÄ… jaĹşĹ„";"3002.3040"
"2433";"10/05/2026 00:00:00";"semi; ""quote""
ZaĹĽĂłĹ‚Ä‡ gÄ™Ĺ›lÄ… jaĹşĹ„";"3003.5385"
"2434";"10/05/2026 00:00:00";"semi; ""quote""
ZaĹĽĂłĹ‚Ä‡ gÄ™Ĺ›lÄ… jaĹşĹ„";"3004.7730"
"2435";"10/05/2026 00:00:00";"semi; ""quote""
ZaĹĽĂłĹ‚Ä‡ gÄ™Ĺ›lÄ… jaĹşĹ„";"3006.0075"
"2436";"10/05/2026 00:00:00";"";"3007.2420"
"2437";"10/05/2026 00:00:00";"semi; ""quote""
ZaĹĽĂłĹ‚Ä‡ gÄ™Ĺ›lÄ… jaĹşĹ„";"3008.4765"
"2438";"10/05/2026 00:00:00";"semi; ""quote""
ZaĹĽĂłĹ‚Ä‡ gÄ™Ĺ›lÄ… jaĹşĹ„";"3009.7110"
"2439";"10/05/2026 00:00:00";"semi; ""quote""
ZaĹĽĂłĹ‚Ä‡ gÄ™Ĺ›lÄ… jaĹşĹ„";"3010.9455"
"2440";"10/05/2026 00:00:00";"semi; ""quote""
ZaĹĽĂłĹ‚Ä‡ gÄ™Ĺ›lÄ… jaĹşĹ„";"3012.1800"
"2441";"10/05/2026 00:00:00";"semi; ""quote""
ZaĹĽĂłĹ‚Ä‡ gÄ™Ĺ›lÄ… jaĹşĹ„";"3013.4145"
"2442";"10/05/2026 00:00:00";"semi; ""quote""
ZaĹĽĂłĹ‚Ä‡ gÄ™Ĺ›lÄ… jaĹşĹ„";"3014.6490"
"2443";"10/05/2026 00:00:00";"";"3015.8835"
"2444";"10/05/2026 00:00:00";"semi; ""quote""
ZaĹĽĂłĹ‚Ä‡ gÄ™Ĺ›lÄ… jaĹşĹ„";"3017.1180"
"2445";"10/05/2026 00:00:00";"semi; ""quote""
ZaĹĽĂłĹ‚Ä‡ gÄ™Ĺ›lÄ… jaĹşĹ„";"3018.3525"
"2446";"10/05/2026 00:00:00";"semi; ""quote""
ZaĹĽĂłĹ‚Ä‡ gÄ™Ĺ›lÄ… jaĹşĹ„";"3019.5870"
"2447";"10/05/2026 00:00:00";"semi; ""quote""
ZaĹĽĂłĹ‚Ä‡ gÄ™Ĺ›lÄ… jaĹşĹ„";"3020.8215"
"2448";"10/05/2026 00:00:00";"semi; ""quote""
ZaĹĽĂłĹ‚Ä‡ gÄ™Ĺ›lÄ… jaĹşĹ„";"3022.0560"
"2449";"10/05/2026 00:00:00";"semi; ""quote""
ZaĹĽĂłĹ‚Ä‡ gÄ™Ĺ›lÄ… jaĹşĹ„";"3023.2905"
"2450";"10/05/2026 00:00:00";"";"3024.5250"
"2451";"10/05/2026 00:00:00";"semi; ""quote""
ZaĹĽĂłĹ‚Ä‡ gÄ™Ĺ›lÄ… jaĹşĹ„";"3025.7595"
"2452";"10/05/2026 00:00:00";"semi; ""quote""
ZaĹĽĂłĹ‚Ä‡ gÄ™Ĺ›lÄ… jaĹşĹ„";"3026.9940"
"2453";"10/05/2026 00:00:00";"semi; ""quote""
ZaĹĽĂłĹ‚Ä‡ gÄ™Ĺ›lÄ… jaĹşĹ„";"3028.2285"
"2454";"10/05/2026 00:00:00";"semi; ""quote""
ZaĹĽĂłĹ‚Ä‡ gÄ™Ĺ›lÄ… jaĹşĹ„";"3029.4630"
"2455";"10/05/2026 00:00:00";"semi; ""quote""
ZaĹĽĂłĹ‚Ä‡ gÄ™Ĺ›lÄ… jaĹşĹ„";"3030.6975"
"2456";"10/05/2026 00:00:00";"semi; ""quote""
ZaĹĽĂłĹ‚Ä‡ gÄ™Ĺ›lÄ… jaĹşĹ„";"3031.9320"
"2457";"10/05/2026 00:00:00";"";"3033.1665"
"2458";"10/05/2026 00:00:00";"semi; ""quote""
ZaĹĽĂłĹ‚Ä‡ gÄ™Ĺ›lÄ… jaĹşĹ„";"3034.4010"
"2459";"10/05/2026 00:00:00";"semi; ""quote""
ZaĹĽĂłĹ‚Ä‡ gÄ™Ĺ›lÄ… jaĹşĹ„";"3035.6355"
"2460";"10/05/2026 00:00:00";"semi; ""quote""
ZaĹĽĂłĹ‚Ä‡ gÄ™Ĺ›lÄ… jaĹşĹ„";"3036.8700"
"2461";"10/05/2026 00:00:00";"semi; ""quote""
ZaĹĽĂłĹ‚Ä‡ gÄ™Ĺ›lÄ… jaĹşĹ„";"3038.1045"
"2462";"10/05/2026 00:00:00";"semi; ""quote""
ZaĹĽĂłĹ‚Ä‡ gÄ™Ĺ›lÄ… jaĹşĹ„";"3039.3390"
"2463";"10/05/2026 00:00:00";"semi; ""quote""
ZaĹĽĂłĹ‚Ä‡ gÄ™Ĺ›lÄ… jaĹşĹ„";"3040.5735"
"2464";"10/05/2026 00:00:00";"";"3041.8080"
"2465";"10/05/2026 00:00:00";"semi; ""quote""
ZaĹĽĂłĹ‚Ä‡ gÄ™Ĺ›lÄ… jaĹşĹ„";"3043.0425"
"2466";"10/05/2026 00:00:00";"semi; ""quote""
ZaĹĽĂłĹ‚Ä‡ gÄ™Ĺ›lÄ… jaĹşĹ„";"3044.2770"
"2467";"10/05/2026 00:00:00";"semi; ""quote""
ZaĹĽĂłĹ‚Ä‡ gÄ™Ĺ›lÄ… jaĹşĹ„";"3045.5115"
"2468";"10/05/2026 00:00:00";"semi; ""quote""
ZaĹĽĂłĹ‚Ä‡ gÄ™Ĺ›lÄ… jaĹşĹ„";"3046.7460"
"2469";"10/05/2026 00:00:00";"semi; ""quote""
ZaĹĽĂłĹ‚Ä‡ gÄ™Ĺ›lÄ… jaĹşĹ„";"3047.9805"
"2470";"10/05/2026 00:00:00";"semi; ""quote""
ZaĹĽĂłĹ‚Ä‡ gÄ™Ĺ›lÄ… jaĹşĹ„";"3049.2150"
"2471";"10/05/2026 00:00:00";"";"3050.4495"
"2472";"10/05/2026 00:00:00";"semi; ""quote""
ZaĹĽĂłĹ‚Ä‡ gÄ™Ĺ›lÄ… jaĹşĹ„";"3051.6840"
"2473";"10/05/2026 00:00:00";"semi; ""quote""
ZaĹĽĂłĹ‚Ä‡ gÄ™Ĺ›lÄ… jaĹşĹ„";"3052.9185"
"2474";"10/05/2026 00:00:00";"semi; ""quote""
ZaĹĽĂłĹ‚Ä‡ gÄ™Ĺ›lÄ… jaĹşĹ„";"3054.1530"
"2475";"10/05/2026 00:00:00";"semi; ""quote""
ZaĹĽĂłĹ‚Ä‡ gÄ™Ĺ›lÄ… jaĹşĹ„";"3055.3875"
"2476";"10/05/2026 00:00:00";"semi; ""quote""
ZaĹĽĂłĹ‚Ä‡ gÄ™Ĺ›lÄ… jaĹşĹ„";"3056.6220"
"2477";"10/05/2026 00:00:00";"semi; ""quote""
ZaĹĽĂłĹ‚Ä‡ gÄ™Ĺ›lÄ… jaĹşĹ„";"3057.8565"
"2478";"10/05/2026 00:00:00";"";"3059.0910"
"2479";"10/05/2026 00:00:00";"semi; ""quote""
ZaĹĽĂłĹ‚Ä‡ gÄ™Ĺ›lÄ… jaĹşĹ„";"3060.3255"
"2480";"10/05/2026 00:00:00";"semi; ""quote""
ZaĹĽĂłĹ‚Ä‡ gÄ™Ĺ›lÄ… jaĹşĹ„";"3061.5600"
"2481";"10/05/2026 00:00:00";"semi; ""quote""
ZaĹĽĂłĹ‚Ä‡ gÄ™Ĺ›lÄ… jaĹşĹ„";"3062.7945"
"2482";"10/05/2026 00:00:00";"semi; ""quote""
ZaĹĽĂłĹ‚Ä‡ gÄ™Ĺ›lÄ… jaĹşĹ„";"3064.0290"
"2483";"10/05/2026 00:00:00";"semi; ""quote""
ZaĹĽĂłĹ‚Ä‡ gÄ™Ĺ›lÄ… jaĹşĹ„";"3065.2635"
"2484";"10/05/2026 00:00:00";"semi; ""quote""
ZaĹĽĂłĹ‚Ä‡ gÄ™Ĺ›lÄ… jaĹşĹ„";"3066.4980"
"2485";"10/05/2026 00:00:00";"";"3067.7325"
"2486";"10/05/2026 00:00:00";"semi; ""quote""
ZaĹĽĂłĹ‚Ä‡ gÄ™Ĺ›lÄ… jaĹşĹ„";"3068.9670"
"2487";"10/05/2026 00:00:00";"semi; ""quote""
ZaĹĽĂłĹ‚Ä‡ gÄ™Ĺ›lÄ… jaĹşĹ„";"3070.2015"
"2488";"10/05/2026 00:00:00";"semi; ""quote""
ZaĹĽĂłĹ‚Ä‡ gÄ™Ĺ›lÄ… jaĹşĹ„";"3071.4360"
"2489";"10/05/2026 00:00:00";"semi; ""quote""
ZaĹĽĂłĹ‚Ä‡ gÄ™Ĺ›lÄ… jaĹşĹ„";"3072.6705"
"2490";"10/05/2026 00:00:00";"semi; ""quote""
ZaĹĽĂłĹ‚Ä‡ gÄ™Ĺ›lÄ… jaĹşĹ„";"3073.9050"
"2491";"10/05/2026 00:00:00";"semi; ""quote""
ZaĹĽĂłĹ‚Ä‡ gÄ™Ĺ›lÄ… jaĹşĹ„";"3075.1395"
"2492";"10/05/2026 00:00:00";"";"3076.3740"
"2493";"10/05/2026 00:00:00";"semi; ""quote""
ZaĹĽĂłĹ‚Ä‡ gÄ™Ĺ›lÄ… jaĹşĹ„";"3077.6085"
"2494";"10/05/2026 00:00:00";"semi; ""quote""
ZaĹĽĂłĹ‚Ä‡ gÄ™Ĺ›lÄ… jaĹşĹ„";"3078.8430"
"2495";"10/05/2026 00:00:00";"semi; ""quote""
ZaĹĽĂłĹ‚Ä‡ gÄ™Ĺ›lÄ… jaĹşĹ„";"3080.0775"
"2496";"10/05/2026 00:00:00";"semi; ""quote""
ZaĹĽĂłĹ‚Ä‡ gÄ™Ĺ›lÄ… jaĹşĹ„";"3081.3120"
"2497";"10/05/2026 00:00:00";"semi; ""quote""
ZaĹĽĂłĹ‚Ä‡ gÄ™Ĺ›lÄ… jaĹşĹ„";"3082.5465"
"2498";"10/05/2026 00:00:00";"semi; ""quote""
ZaĹĽĂłĹ‚Ä‡ gÄ™Ĺ›lÄ… jaĹşĹ„";"3083.7810"
"2499";"10/05/2026 00:00:00";"";"3085.0155"
"2500";"10/05/2026 00:00:00";"semi; ""quote""
ZaĹĽĂłĹ‚Ä‡ gÄ™Ĺ›lÄ… jaĹşĹ„";"3086.2500"
"2501";"10/05/2026 00:00:00";"semi; ""quote""
ZaĹĽĂłĹ‚Ä‡ gÄ™Ĺ›lÄ… jaĹşĹ„";"3087.4845"
"2502";"10/05/2026 00:00:00";"semi; ""quote""
ZaĹĽĂłĹ‚Ä‡ gÄ™Ĺ›lÄ… jaĹşĹ„";"3088.7190"
"2503";"10/05/2026 00:00:00";"semi; ""quote""
ZaĹĽĂłĹ‚Ä‡ gÄ™Ĺ›lÄ… jaĹşĹ„";"3089.9535"
"2504";"10/05/2026 00:00:00";"semi; ""quote""
ZaĹĽĂłĹ‚Ä‡ gÄ™Ĺ›lÄ… jaĹşĹ„";"3091.1880"
"2505";"10/05/2026 00:00:00";"semi; ""quote""
ZaĹĽĂłĹ‚Ä‡ gÄ™Ĺ›lÄ… jaĹşĹ„";"3092.4225"
