"Kind (nvarchar)";"SequenceNo (int)";"HappenedAt (datetime2)";"Details (nvarchar)"
"A";"2";"10/04/2026 00:00:00";"event; ""quoted"""
"A";"4";"10/04/2026 00:00:00";"event; ""quoted"""
"A";"6";"10/04/2026 00:00:00";"event; ""quoted"""
"A";"8";"10/04/2026 00:00:00";"event; ""quoted"""
"A";"10";"10/04/2026 00:00:00";"event; ""quoted"""
"A";"12";"10/04/2026 00:00:00";"event; ""quoted"""
"A";"14";"10/04/2026 00:00:00";"event; ""quoted"""
"A";"16";"10/04/2026 00:00:00";"event; ""quoted"""
"A";"18";"10/04/2026 00:00:00";"event; ""quoted"""
"A";"20";"10/04/2026 00:00:00";"event; ""quoted"""
"A";"22";"10/04/2026 00:00:00";"event; ""quoted"""
"A";"24";"10/04/2026 00:00:00";"event; ""quoted"""
"A";"26";"10/04/2026 00:00:00";"event; ""quoted"""
"A";"28";"10/04/2026 00:00:00";"event; ""quoted"""
"A";"30";"10/04/2026 00:00:00";"event; ""quoted"""
"A";"32";"10/04/2026 00:00:00";"event; ""quoted"""
"A";"34";"10/04/2026 00:00:00";"event; ""quoted"""
"A";"36";"10/04/2026 00:00:00";"event; ""quoted"""
"A";"38";"10/04/2026 00:00:00";"event; ""quoted"""
"A";"40";"10/04/2026 00:00:00";"event; ""quoted"""
"A";"42";"10/04/2026 00:00:00";"event; ""quoted"""
"A";"44";"10/04/2026 00:00:00";"event; ""quoted"""
"A";"46";"10/04/2026 00:00:00";"event; ""quoted"""
"A";"48";"10/04/2026 00:00:00";"event; ""quoted"""
"A";"50";"10/04/2026 00:00:00";"event; ""quoted"""
"A";"52";"10/04/2026 00:00:00";"event; ""quoted"""
"A";"54";"10/04/2026 00:00:00";"event; ""quoted"""
"A";"56";"10/04/2026 00:00:00";"event; ""quoted"""
"A";"58";"10/04/2026 00:00:00";"event; ""quoted"""
"A";"60";"10/04/2026 00:00:00";"event; ""quoted"""
"A";"62";"10/04/2026 00:00:00";"event; ""quoted"""
"A";"64";"10/04/2026 00:00:00";"event; ""quoted"""
"A";"66";"10/04/2026 00:00:00";"event; ""quoted"""
"A";"68";"10/04/2026 00:00:00";"event; ""quoted"""
"A";"70";"10/04/2026 00:00:00";"event; ""quoted"""
"A";"72";"10/04/2026 00:00:00";"event; ""quoted"""
"A";"74";"10/04/2026 00:00:00";"event; ""quoted"""
"A";"76";"10/04/2026 00:00:00";"event; ""quoted"""
"A";"78";"10/04/2026 00:00:00";"event; ""quoted"""
"A";"80";"10/04/2026 00:00:00";"event; ""quoted"""
"A";"82";"10/04/2026 00:00:00";"event; ""quoted"""
"A";"84";"10/04/2026 00:00:00";"event; ""quoted"""
"A";"86";"10/04/2026 00:00:00";"event; ""quoted"""
"A";"88";"10/04/2026 00:00:00";"event; ""quoted"""
"A";"90";"10/04/2026 00:00:00";"event; ""quoted"""
"A";"92";"10/04/2026 00:00:00";"event; ""quoted"""
"A";"94";"10/04/2026 00:00:00";"event; ""quoted"""
"A";"96";"10/04/2026 00:00:00";"event; ""quoted"""
"A";"98";"10/04/2026 00:00:00";"event; ""quoted"""
"A";"100";"10/04/2026 00:00:00";"event; ""quoted"""
"A";"102";"10/04/2026 00:00:00";"event; ""quoted"""
"A";"104";"10/04/2026 00:00:00";"event; ""quoted"""
"A";"106";"10/04/2026 00:00:00";"event; ""quoted"""
"A";"108";"10/04/2026 00:00:00";"event; ""quoted"""
"A";"110";"10/04/2026 00:00:00";"event; ""quoted"""
"A";"112";"10/04/2026 00:00:00";"event; ""quoted"""
"A";"114";"10/04/2026 00:00:00";"event; ""quoted"""
"A";"116";"10/04/2026 00:00:00";"event; ""quoted"""
"A";"118";"10/04/2026 00:00:00";"event; ""quoted"""
"A";"120";"10/04/2026 00:00:00";"event; ""quoted"""
"A";"122";"10/04/2026 00:00:00";"event; ""quoted"""
"A";"124";"10/04/2026 00:00:00";"event; ""quoted"""
"A";"126";"10/04/2026 00:00:00";"event; ""quoted"""
"A";"128";"10/04/2026 00:00:00";"event; ""quoted"""
"A";"130";"10/04/2026 00:00:00";"event; ""quoted"""
"A";"132";"10/04/2026 00:00:00";"event; ""quoted"""
"A";"134";"10/04/2026 00:00:00";"event; ""quoted"""
"A";"136";"10/04/2026 00:00:00";"event; ""quoted"""
"A";"138";"10/04/2026 00:00:00";"event; ""quoted"""
"A";"140";"10/04/2026 00:00:00";"event; ""quoted"""
"A";"142";"10/04/2026 00:00:00";"event; ""quoted"""
"A";"144";"10/04/2026 00:00:00";"event; ""quoted"""
"A";"146";"10/04/2026 00:00:00";"event; ""quoted"""
"A";"148";"10/04/2026 00:00:00";"event; ""quoted"""
"A";"150";"10/04/2026 00:00:00";"event; ""quoted"""
"A";"152";"10/04/2026 00:00:00";"event; ""quoted"""
"A";"154";"10/04/2026 00:00:00";"event; ""quoted"""
"A";"156";"10/04/2026 00:00:00";"event; ""quoted"""
"A";"158";"10/04/2026 00:00:00";"event; ""quoted"""
"A";"160";"10/04/2026 00:00:00";"event; ""quoted"""
"A";"162";"10/04/2026 00:00:00";"event; ""quoted"""
"A";"164";"10/04/2026 00:00:00";"event; ""quoted"""
"A";"166";"10/04/2026 00:00:00";"event; ""quoted"""
"A";"168";"10/04/2026 00:00:00";"event; ""quoted"""
"A";"170";"10/04/2026 00:00:00";"event; ""quoted"""
"A";"172";"10/04/2026 00:00:00";"event; ""quoted"""
"A";"174";"10/04/2026 00:00:00";"event; ""quoted"""
"A";"176";"10/04/2026 00:00:00";"event; ""quoted"""
"A";"178";"10/04/2026 00:00:00";"event; ""quoted"""
"A";"180";"10/04/2026 00:00:00";"event; ""quoted"""
"A";"182";"10/04/2026 00:00:00";"event; ""quoted"""
"A";"184";"10/04/2026 00:00:00";"event; ""quoted"""
"A";"186";"10/04/2026 00:00:00";"event; ""quoted"""
"A";"188";"10/04/2026 00:00:00";"event; ""quoted"""
"A";"190";"10/04/2026 00:00:00";"event; ""quoted"""
"A";"192";"10/04/2026 00:00:00";"event; ""quoted"""
"A";"194";"10/04/2026 00:00:00";"event; ""quoted"""
"A";"196";"10/04/2026 00:00:00";"event; ""quoted"""
"A";"198";"10/04/2026 00:00:00";"event; ""quoted"""
"A";"200";"10/04/2026 00:00:00";"event; ""quoted"""
"A";"202";"10/04/2026 00:00:00";"event; ""quoted"""
"A";"204";"10/04/2026 00:00:00";"event; ""quoted"""
"A";"206";"10/04/2026 00:00:00";"event; ""quoted"""
"A";"208";"10/04/2026 00:00:00";"event; ""quoted"""
"A";"210";"10/04/2026 00:00:00";"event; ""quoted"""
"A";"212";"10/04/2026 00:00:00";"event; ""quoted"""
"A";"214";"10/04/2026 00:00:00";"event; ""quoted"""
"A";"216";"10/04/2026 00:00:00";"event; ""quoted"""
"A";"218";"10/04/2026 00:00:00";"event; ""quoted"""
"A";"220";"10/04/2026 00:00:00";"event; ""quoted"""
"A";"222";"10/04/2026 00:00:00";"event; ""quoted"""
"A";"224";"10/04/2026 00:00:00";"event; ""quoted"""
"A";"226";"10/04/2026 00:00:00";"event; ""quoted"""
"A";"228";"10/04/2026 00:00:00";"event; ""quoted"""
"A";"230";"10/04/2026 00:00:00";"event; ""quoted"""
"A";"232";"10/04/2026 00:00:00";"event; ""quoted"""
"A";"234";"10/04/2026 00:00:00";"event; ""quoted"""
"A";"236";"10/04/2026 00:00:00";"event; ""quoted"""
"A";"238";"10/04/2026 00:00:00";"event; ""quoted"""
"A";"240";"10/04/2026 00:00:00";"event; ""quoted"""
"A";"242";"10/04/2026 00:00:00";"event; ""quoted"""
"A";"244";"10/04/2026 00:00:00";"event; ""quoted"""
"A";"246";"10/04/2026 00:00:00";"event; ""quoted"""
"A";"248";"10/04/2026 00:00:00";"event; ""quoted"""
"A";"250";"10/04/2026 00:00:00";"event; ""quoted"""
"A";"252";"10/04/2026 00:00:00";"event; ""quoted"""
"A";"254";"10/04/2026 00:00:00";"event; ""quoted"""
"A";"256";"10/04/2026 00:00:00";"event; ""quoted"""
"A";"258";"10/04/2026 00:00:00";"event; ""quoted"""
"A";"260";"10/04/2026 00:00:00";"event; ""quoted"""
"A";"262";"10/04/2026 00:00:00";"event; ""quoted"""
"A";"264";"10/04/2026 00:00:00";"event; ""quoted"""
"A";"266";"10/04/2026 00:00:00";"event; ""quoted"""
"A";"268";"10/04/2026 00:00:00";"event; ""quoted"""
"A";"270";"10/04/2026 00:00:00";"event; ""quoted"""
"A";"272";"10/04/2026 00:00:00";"event; ""quoted"""
"A";"274";"10/04/2026 00:00:00";"event; ""quoted"""
"A";"276";"10/04/2026 00:00:00";"event; ""quoted"""
"A";"278";"10/04/2026 00:00:00";"event; ""quoted"""
"A";"280";"10/04/2026 00:00:00";"event; ""quoted"""
"A";"282";"10/04/2026 00:00:00";"event; ""quoted"""
"A";"284";"10/04/2026 00:00:00";"event; ""quoted"""
"A";"286";"10/04/2026 00:00:00";"event; ""quoted"""
"A";"288";"10/04/2026 00:00:00";"event; ""quoted"""
"A";"290";"10/04/2026 00:00:00";"event; ""quoted"""
"A";"292";"10/04/2026 00:00:00";"event; ""quoted"""
"A";"294";"10/04/2026 00:00:00";"event; ""quoted"""
"A";"296";"10/04/2026 00:00:00";"event; ""quoted"""
"A";"298";"10/04/2026 00:00:00";"event; ""quoted"""
"A";"300";"10/04/2026 00:00:00";"event; ""quoted"""
"A";"302";"10/04/2026 00:00:00";"event; ""quoted"""
"A";"304";"10/04/2026 00:00:00";"event; ""quoted"""
"A";"306";"10/04/2026 00:00:00";"event; ""quoted"""
"A";"308";"10/04/2026 00:00:00";"event; ""quoted"""
"A";"310";"10/04/2026 00:00:00";"event; ""quoted"""
"A";"312";"10/04/2026 00:00:00";"event; ""quoted"""
"A";"314";"10/04/2026 00:00:00";"event; ""quoted"""
"A";"316";"10/04/2026 00:00:00";"event; ""quoted"""
"A";"318";"10/04/2026 00:00:00";"event; ""quoted"""
"A";"320";"10/04/2026 00:00:00";"event; ""quoted"""
"A";"322";"10/04/2026 00:00:00";"event; ""quoted"""
"A";"324";"10/04/2026 00:00:00";"event; ""quoted"""
"A";"326";"10/04/2026 00:00:00";"event; ""quoted"""
"A";"328";"10/04/2026 00:00:00";"event; ""quoted"""
"A";"330";"10/04/2026 00:00:00";"event; ""quoted"""
"A";"332";"10/04/2026 00:00:00";"event; ""quoted"""
"A";"334";"10/04/2026 00:00:00";"event; ""quoted"""
"A";"336";"10/04/2026 00:00:00";"event; ""quoted"""
"A";"338";"10/04/2026 00:00:00";"event; ""quoted"""
"A";"340";"10/04/2026 00:00:00";"event; ""quoted"""
"A";"342";"10/04/2026 00:00:00";"event; ""quoted"""
"A";"344";"10/04/2026 00:00:00";"event; ""quoted"""
"A";"346";"10/04/2026 00:00:00";"event; ""quoted"""
"A";"348";"10/04/2026 00:00:00";"event; ""quoted"""
"A";"350";"10/04/2026 00:00:00";"event; ""quoted"""
"A";"352";"10/04/2026 00:00:00";"event; ""quoted"""
"A";"354";"10/04/2026 00:00:00";"event; ""quoted"""
"A";"356";"10/04/2026 00:00:00";"event; ""quoted"""
"A";"358";"10/04/2026 00:00:00";"event; ""quoted"""
"A";"360";"10/04/2026 00:00:00";"event; ""quoted"""
"A";"362";"10/04/2026 00:00:00";"event; ""quoted"""
"A";"364";"10/04/2026 00:00:00";"event; ""quoted"""
"A";"366";"10/04/2026 00:00:00";"event; ""quoted"""
"A";"368";"10/04/2026 00:00:00";"event; ""quoted"""
"A";"370";"10/04/2026 00:00:00";"event; ""quoted"""
"A";"372";"10/04/2026 00:00:00";"event; ""quoted"""
"A";"374";"10/04/2026 00:00:00";"event; ""quoted"""
"A";"376";"10/04/2026 00:00:00";"event; ""quoted"""
"A";"378";"10/04/2026 00:00:00";"event; ""quoted"""
"A";"380";"10/04/2026 00:00:00";"event; ""quoted"""
"A";"382";"10/04/2026 00:00:00";"event; ""quoted"""
"A";"384";"10/04/2026 00:00:00";"event; ""quoted"""
"A";"386";"10/04/2026 00:00:00";"event; ""quoted"""
"A";"388";"10/04/2026 00:00:00";"event; ""quoted"""
"A";"390";"10/04/2026 00:00:00";"event; ""quoted"""
"A";"392";"10/04/2026 00:00:00";"event; ""quoted"""
"A";"394";"10/04/2026 00:00:00";"event; ""quoted"""
"A";"396";"10/04/2026 00:00:00";"event; ""quoted"""
"A";"398";"10/04/2026 00:00:00";"event; ""quoted"""
"A";"400";"10/04/2026 00:00:00";"event; ""quoted"""
"A";"402";"10/04/2026 00:00:00";"event; ""quoted"""
"A";"404";"10/04/2026 00:00:00";"event; ""quoted"""
"A";"406";"10/04/2026 00:00:00";"event; ""quoted"""
"A";"408";"10/04/2026 00:00:00";"event; ""quoted"""
"A";"410";"10/04/2026 00:00:00";"event; ""quoted"""
"A";"412";"10/04/2026 00:00:00";"event; ""quoted"""
"A";"414";"10/04/2026 00:00:00";"event; ""quoted"""
"A";"416";"10/04/2026 00:00:00";"event; ""quoted"""
"A";"418";"10/04/2026 00:00:00";"event; ""quoted"""
"A";"420";"10/04/2026 00:00:00";"event; ""quoted"""
"A";"422";"10/04/2026 00:00:00";"event; ""quoted"""
"A";"424";"10/04/2026 00:00:00";"event; ""quoted"""
"A";"426";"10/04/2026 00:00:00";"event; ""quoted"""
"A";"428";"10/04/2026 00:00:00";"event; ""quoted"""
"A";"430";"10/04/2026 00:00:00";"event; ""quoted"""
"A";"432";"10/04/2026 00:00:00";"event; ""quoted"""
"A";"434";"10/04/2026 00:00:00";"event; ""quoted"""
"A";"436";"10/04/2026 00:00:00";"event; ""quoted"""
"A";"438";"10/04/2026 00:00:00";"event; ""quoted"""
"A";"440";"10/04/2026 00:00:00";"event; ""quoted"""
"A";"442";"10/04/2026 00:00:00";"event; ""quoted"""
"A";"444";"10/04/2026 00:00:00";"event; ""quoted"""
"A";"446";"10/04/2026 00:00:00";"event; ""quoted"""
"A";"448";"10/04/2026 00:00:00";"event; ""quoted"""
"A";"450";"10/04/2026 00:00:00";"event; ""quoted"""
"A";"452";"10/04/2026 00:00:00";"event; ""quoted"""
"A";"454";"10/04/2026 00:00:00";"event; ""quoted"""
"A";"456";"10/04/2026 00:00:00";"event; ""quoted"""
"A";"458";"10/04/2026 00:00:00";"event; ""quoted"""
"A";"460";"10/04/2026 00:00:00";"event; ""quoted"""
"A";"462";"10/04/2026 00:00:00";"event; ""quoted"""
"A";"464";"10/04/2026 00:00:00";"event; ""quoted"""
"A";"466";"10/04/2026 00:00:00";"event; ""quoted"""
"A";"468";"10/04/2026 00:00:00";"event; ""quoted"""
"A";"470";"10/04/2026 00:00:00";"event; ""quoted"""
"A";"472";"10/04/2026 00:00:00";"event; ""quoted"""
"A";"474";"10/04/2026 00:00:00";"event; ""quoted"""
"A";"476";"10/04/2026 00:00:00";"event; ""quoted"""
"A";"478";"10/04/2026 00:00:00";"event; ""quoted"""
"A";"480";"10/04/2026 00:00:00";"event; ""quoted"""
"A";"482";"10/04/2026 00:00:00";"event; ""quoted"""
"A";"484";"10/04/2026 00:00:00";"event; ""quoted"""
"A";"486";"10/04/2026 00:00:00";"event; ""quoted"""
"A";"488";"10/04/2026 00:00:00";"event; ""quoted"""
"A";"490";"10/04/2026 00:00:00";"event; ""quoted"""
"A";"492";"10/04/2026 00:00:00";"event; ""quoted"""
"A";"494";"10/04/2026 00:00:00";"event; ""quoted"""
"A";"496";"10/04/2026 00:00:00";"event; ""quoted"""
"A";"498";"10/04/2026 00:00:00";"event; ""quoted"""
"A";"500";"10/04/2026 00:00:00";"event; ""quoted"""
"A";"502";"10/04/2026 00:00:00";"event; ""quoted"""
"A";"504";"10/04/2026 00:00:00";"event; ""quoted"""
"A";"506";"10/04/2026 00:00:00";"event; ""quoted"""
"A";"508";"10/04/2026 00:00:00";"event; ""quoted"""
"A";"510";"10/04/2026 00:00:00";"event; ""quoted"""
"A";"512";"10/04/2026 00:00:00";"event; ""quoted"""
"A";"514";"10/04/2026 00:00:00";"event; ""quoted"""
"A";"516";"10/04/2026 00:00:00";"event; ""quoted"""
"A";"518";"10/04/2026 00:00:00";"event; ""quoted"""
"A";"520";"10/04/2026 00:00:00";"event; ""quoted"""
"A";"522";"10/04/2026 00:00:00";"event; ""quoted"""
"A";"524";"10/04/2026 00:00:00";"event; ""quoted"""
"A";"526";"10/04/2026 00:00:00";"event; ""quoted"""
"A";"528";"10/04/2026 00:00:00";"event; ""quoted"""
"A";"530";"10/04/2026 00:00:00";"event; ""quoted"""
"A";"532";"10/04/2026 00:00:00";"event; ""quoted"""
"A";"534";"10/04/2026 00:00:00";"event; ""quoted"""
"A";"536";"10/04/2026 00:00:00";"event; ""quoted"""
"A";"538";"10/04/2026 00:00:00";"event; ""quoted"""
"A";"540";"10/04/2026 00:00:00";"event; ""quoted"""
"A";"542";"10/04/2026 00:00:00";"event; ""quoted"""
"A";"544";"10/04/2026 00:00:00";"event; ""quoted"""
"A";"546";"10/04/2026 00:00:00";"event; ""quoted"""
"A";"548";"10/04/2026 00:00:00";"event; ""quoted"""
"A";"550";"10/04/2026 00:00:00";"event; ""quoted"""
"A";"552";"10/04/2026 00:00:00";"event; ""quoted"""
"A";"554";"10/04/2026 00:00:00";"event; ""quoted"""
"A";"556";"10/04/2026 00:00:00";"event; ""quoted"""
"A";"558";"10/04/2026 00:00:00";"event; ""quoted"""
"A";"560";"10/04/2026 00:00:00";"event; ""quoted"""
"A";"562";"10/04/2026 00:00:00";"event; ""quoted"""
"A";"564";"10/04/2026 00:00:00";"event; ""quoted"""
"A";"566";"10/04/2026 00:00:00";"event; ""quoted"""
"A";"568";"10/04/2026 00:00:00";"event; ""quoted"""
"A";"570";"10/04/2026 00:00:00";"event; ""quoted"""
"A";"572";"10/04/2026 00:00:00";"event; ""quoted"""
"A";"574";"10/04/2026 00:00:00";"event; ""quoted"""
"A";"576";"10/04/2026 00:00:00";"event; ""quoted"""
"A";"578";"10/04/2026 00:00:00";"event; ""quoted"""
"A";"580";"10/04/2026 00:00:00";"event; ""quoted"""
"A";"582";"10/04/2026 00:00:00";"event; ""quoted"""
"A";"584";"10/04/2026 00:00:00";"event; ""quoted"""
"A";"586";"10/04/2026 00:00:00";"event; ""quoted"""
"A";"588";"10/04/2026 00:00:00";"event; ""quoted"""
"A";"590";"10/04/2026 00:00:00";"event; ""quoted"""
"A";"592";"10/04/2026 00:00:00";"event; ""quoted"""
"A";"594";"10/04/2026 00:00:00";"event; ""quoted"""
"A";"596";"10/04/2026 00:00:00";"event; ""quoted"""
"A";"598";"10/04/2026 00:00:00";"event; ""quoted"""
"A";"600";"10/04/2026 00:00:00";"event; ""quoted"""
"A";"602";"10/04/2026 00:00:00";"event; ""quoted"""
"A";"604";"10/04/2026 00:00:00";"event; ""quoted"""
"A";"606";"10/04/2026 00:00:00";"event; ""quoted"""
"A";"608";"10/04/2026 00:00:00";"event; ""quoted"""
"A";"610";"10/04/2026 00:00:00";"event; ""quoted"""
"A";"612";"10/04/2026 00:00:00";"event; ""quoted"""
"A";"614";"10/04/2026 00:00:00";"event; ""quoted"""
"A";"616";"10/04/2026 00:00:00";"event; ""quoted"""
"A";"618";"10/04/2026 00:00:00";"event; ""quoted"""
"A";"620";"10/04/2026 00:00:00";"event; ""quoted"""
"A";"622";"10/04/2026 00:00:00";"event; ""quoted"""
"A";"624";"10/04/2026 00:00:00";"event; ""quoted"""
"A";"626";"10/04/2026 00:00:00";"event; ""quoted"""
"A";"628";"10/04/2026 00:00:00";"event; ""quoted"""
"A";"630";"10/04/2026 00:00:00";"event; ""quoted"""
"A";"632";"10/04/2026 00:00:00";"event; ""quoted"""
"A";"634";"10/04/2026 00:00:00";"event; ""quoted"""
"A";"636";"10/04/2026 00:00:00";"event; ""quoted"""
"A";"638";"10/04/2026 00:00:00";"event; ""quoted"""
"A";"640";"10/04/2026 00:00:00";"event; ""quoted"""
"A";"642";"10/04/2026 00:00:00";"event; ""quoted"""
"A";"644";"10/04/2026 00:00:00";"event; ""quoted"""
"A";"646";"10/04/2026 00:00:00";"event; ""quoted"""
"A";"648";"10/04/2026 00:00:00";"event; ""quoted"""
"A";"650";"10/04/2026 00:00:00";"event; ""quoted"""
"A";"652";"10/04/2026 00:00:00";"event; ""quoted"""
"A";"654";"10/04/2026 00:00:00";"event; ""quoted"""
"A";"656";"10/04/2026 00:00:00";"event; ""quoted"""
"A";"658";"10/04/2026 00:00:00";"event; ""quoted"""
"A";"660";"10/04/2026 00:00:00";"event; ""quoted"""
"A";"662";"10/04/2026 00:00:00";"event; ""quoted"""
"A";"664";"10/04/2026 00:00:00";"event; ""quoted"""
"A";"666";"10/04/2026 00:00:00";"event; ""quoted"""
"A";"668";"10/04/2026 00:00:00";"event; ""quoted"""
"A";"670";"10/04/2026 00:00:00";"event; ""quoted"""
"A";"672";"10/04/2026 00:00:00";"event; ""quoted"""
"A";"674";"10/04/2026 00:00:00";"event; ""quoted"""
"A";"676";"10/04/2026 00:00:00";"event; ""quoted"""
"A";"678";"10/04/2026 00:00:00";"event; ""quoted"""
"A";"680";"10/04/2026 00:00:00";"event; ""quoted"""
"A";"682";"10/04/2026 00:00:00";"event; ""quoted"""
"A";"684";"10/04/2026 00:00:00";"event; ""quoted"""
"A";"686";"10/04/2026 00:00:00";"event; ""quoted"""
"A";"688";"10/04/2026 00:00:00";"event; ""quoted"""
"A";"690";"10/04/2026 00:00:00";"event; ""quoted"""
"A";"692";"10/04/2026 00:00:00";"event; ""quoted"""
"A";"694";"10/04/2026 00:00:00";"event; ""quoted"""
"A";"696";"10/04/2026 00:00:00";"event; ""quoted"""
"A";"698";"10/04/2026 00:00:00";"event; ""quoted"""
"A";"700";"10/04/2026 00:00:00";"event; ""quoted"""
"A";"702";"10/04/2026 00:00:00";"event; ""quoted"""
"A";"704";"10/04/2026 00:00:00";"event; ""quoted"""
"A";"706";"10/04/2026 00:00:00";"event; ""quoted"""
"A";"708";"10/04/2026 00:00:00";"event; ""quoted"""
"A";"710";"10/04/2026 00:00:00";"event; ""quoted"""
"A";"712";"10/04/2026 00:00:00";"event; ""quoted"""
"A";"714";"10/04/2026 00:00:00";"event; ""quoted"""
"A";"716";"10/04/2026 00:00:00";"event; ""quoted"""
"A";"718";"10/04/2026 00:00:00";"event; ""quoted"""
"A";"720";"10/04/2026 00:00:00";"event; ""quoted"""
"A";"722";"10/04/2026 00:00:00";"event; ""quoted"""
"A";"724";"10/04/2026 00:00:00";"event; ""quoted"""
"A";"726";"10/04/2026 00:00:00";"event; ""quoted"""
"A";"728";"10/04/2026 00:00:00";"event; ""quoted"""
"A";"730";"10/04/2026 00:00:00";"event; ""quoted"""
"A";"732";"10/04/2026 00:00:00";"event; ""quoted"""
"A";"734";"10/04/2026 00:00:00";"event; ""quoted"""
"A";"736";"10/04/2026 00:00:00";"event; ""quoted"""
"A";"738";"10/04/2026 00:00:00";"event; ""quoted"""
"A";"740";"10/04/2026 00:00:00";"event; ""quoted"""
"A";"742";"10/04/2026 00:00:00";"event; ""quoted"""
"A";"744";"10/04/2026 00:00:00";"event; ""quoted"""
"A";"746";"10/04/2026 00:00:00";"event; ""quoted"""
"A";"748";"10/04/2026 00:00:00";"event; ""quoted"""
"A";"750";"10/04/2026 00:00:00";"event; ""quoted"""
"A";"752";"10/04/2026 00:00:00";"event; ""quoted"""
"A";"754";"10/04/2026 00:00:00";"event; ""quoted"""
"A";"756";"10/04/2026 00:00:00";"event; ""quoted"""
"A";"758";"10/04/2026 00:00:00";"event; ""quoted"""
"A";"760";"10/04/2026 00:00:00";"event; ""quoted"""
"A";"762";"10/04/2026 00:00:00";"event; ""quoted"""
"A";"764";"10/04/2026 00:00:00";"event; ""quoted"""
"A";"766";"10/04/2026 00:00:00";"event; ""quoted"""
"A";"768";"10/04/2026 00:00:00";"event; ""quoted"""
"A";"770";"10/04/2026 00:00:00";"event; ""quoted"""
"A";"772";"10/04/2026 00:00:00";"event; ""quoted"""
"A";"774";"10/04/2026 00:00:00";"event; ""quoted"""
"A";"776";"10/04/2026 00:00:00";"event; ""quoted"""
"A";"778";"10/04/2026 00:00:00";"event; ""quoted"""
"A";"780";"10/04/2026 00:00:00";"event; ""quoted"""
"A";"782";"10/04/2026 00:00:00";"event; ""quoted"""
"A";"784";"10/04/2026 00:00:00";"event; ""quoted"""
"A";"786";"10/04/2026 00:00:00";"event; ""quoted"""
"A";"788";"10/04/2026 00:00:00";"event; ""quoted"""
"A";"790";"10/04/2026 00:00:00";"event; ""quoted"""
"A";"792";"10/04/2026 00:00:00";"event; ""quoted"""
"A";"794";"10/04/2026 00:00:00";"event; ""quoted"""
"A";"796";"10/04/2026 00:00:00";"event; ""quoted"""
"A";"798";"10/04/2026 00:00:00";"event; ""quoted"""
"A";"800";"10/04/2026 00:00:00";"event; ""quoted"""
"A";"802";"10/04/2026 00:00:00";"event; ""quoted"""
"A";"804";"10/04/2026 00:00:00";"event; ""quoted"""
"A";"806";"10/04/2026 00:00:00";"event; ""quoted"""
"A";"808";"10/04/2026 00:00:00";"event; ""quoted"""
"A";"810";"10/04/2026 00:00:00";"event; ""quoted"""
"A";"812";"10/04/2026 00:00:00";"event; ""quoted"""
"A";"814";"10/04/2026 00:00:00";"event; ""quoted"""
"A";"816";"10/04/2026 00:00:00";"event; ""quoted"""
"A";"818";"10/04/2026 00:00:00";"event; ""quoted"""
"A";"820";"10/04/2026 00:00:00";"event; ""quoted"""
"A";"822";"10/04/2026 00:00:00";"event; ""quoted"""
"A";"824";"10/04/2026 00:00:00";"event; ""quoted"""
"A";"826";"10/04/2026 00:00:00";"event; ""quoted"""
"A";"828";"10/04/2026 00:00:00";"event; ""quoted"""
"A";"830";"10/04/2026 00:00:00";"event; ""quoted"""
"A";"832";"10/04/2026 00:00:00";"event; ""quoted"""
"A";"834";"10/04/2026 00:00:00";"event; ""quoted"""
"A";"836";"10/04/2026 00:00:00";"event; ""quoted"""
"A";"838";"10/04/2026 00:00:00";"event; ""quoted"""
"A";"840";"10/04/2026 00:00:00";"event; ""quoted"""
"A";"842";"10/04/2026 00:00:00";"event; ""quoted"""
"A";"844";"10/04/2026 00:00:00";"event; ""quoted"""
"A";"846";"10/04/2026 00:00:00";"event; ""quoted"""
"A";"848";"10/04/2026 00:00:00";"event; ""quoted"""
"A";"850";"10/04/2026 00:00:00";"event; ""quoted"""
"A";"852";"10/04/2026 00:00:00";"event; ""quoted"""
"A";"854";"10/04/2026 00:00:00";"event; ""quoted"""
"A";"856";"10/04/2026 00:00:00";"event; ""quoted"""
"A";"858";"10/04/2026 00:00:00";"event; ""quoted"""
"A";"860";"10/04/2026 00:00:00";"event; ""quoted"""
"A";"862";"10/04/2026 00:00:00";"event; ""quoted"""
"A";"864";"10/04/2026 00:00:00";"event; ""quoted"""
"A";"866";"10/04/2026 00:00:00";"event; ""quoted"""
"A";"868";"10/04/2026 00:00:00";"event; ""quoted"""
"A";"870";"10/04/2026 00:00:00";"event; ""quoted"""
"A";"872";"10/04/2026 00:00:00";"event; ""quoted"""
"A";"874";"10/04/2026 00:00:00";"event; ""quoted"""
"A";"876";"10/04/2026 00:00:00";"event; ""quoted"""
"A";"878";"10/04/2026 00:00:00";"event; ""quoted"""
"A";"880";"10/04/2026 00:00:00";"event; ""quoted"""
"A";"882";"10/04/2026 00:00:00";"event; ""quoted"""
"A";"884";"10/04/2026 00:00:00";"event; ""quoted"""
"A";"886";"10/04/2026 00:00:00";"event; ""quoted"""
"A";"888";"10/04/2026 00:00:00";"event; ""quoted"""
"A";"890";"10/04/2026 00:00:00";"event; ""quoted"""
"A";"892";"10/04/2026 00:00:00";"event; ""quoted"""
"A";"894";"10/04/2026 00:00:00";"event; ""quoted"""
"A";"896";"10/04/2026 00:00:00";"event; ""quoted"""
"A";"898";"10/04/2026 00:00:00";"event; ""quoted"""
"A";"900";"10/04/2026 00:00:00";"event; ""quoted"""
"A";"902";"10/04/2026 00:00:00";"event; ""quoted"""
"A";"904";"10/04/2026 00:00:00";"event; ""quoted"""
"A";"906";"10/04/2026 00:00:00";"event; ""quoted"""
"A";"908";"10/04/2026 00:00:00";"event; ""quoted"""
"A";"910";"10/04/2026 00:00:00";"event; ""quoted"""
"A";"912";"10/04/2026 00:00:00";"event; ""quoted"""
"A";"914";"10/04/2026 00:00:00";"event; ""quoted"""
"A";"916";"10/04/2026 00:00:00";"event; ""quoted"""
"A";"918";"10/04/2026 00:00:00";"event; ""quoted"""
"A";"920";"10/04/2026 00:00:00";"event; ""quoted"""
"A";"922";"10/04/2026 00:00:00";"event; ""quoted"""
"A";"924";"10/04/2026 00:00:00";"event; ""quoted"""
"A";"926";"10/04/2026 00:00:00";"event; ""quoted"""
"A";"928";"10/04/2026 00:00:00";"event; ""quoted"""
"A";"930";"10/04/2026 00:00:00";"event; ""quoted"""
"A";"932";"10/04/2026 00:00:00";"event; ""quoted"""
"A";"934";"10/04/2026 00:00:00";"event; ""quoted"""
"A";"936";"10/04/2026 00:00:00";"event; ""quoted"""
"A";"938";"10/04/2026 00:00:00";"event; ""quoted"""
"A";"940";"10/04/2026 00:00:00";"event; ""quoted"""
"A";"942";"10/04/2026 00:00:00";"event; ""quoted"""
"A";"944";"10/04/2026 00:00:00";"event; ""quoted"""
"A";"946";"10/04/2026 00:00:00";"event; ""quoted"""
"A";"948";"10/04/2026 00:00:00";"event; ""quoted"""
"A";"950";"10/04/2026 00:00:00";"event; ""quoted"""
"A";"952";"10/04/2026 00:00:00";"event; ""quoted"""
"A";"954";"10/04/2026 00:00:00";"event; ""quoted"""
"A";"956";"10/04/2026 00:00:00";"event; ""quoted"""
"A";"958";"10/04/2026 00:00:00";"event; ""quoted"""
"A";"960";"10/04/2026 00:00:00";"event; ""quoted"""
"A";"962";"10/04/2026 00:00:00";"event; ""quoted"""
"A";"964";"10/04/2026 00:00:00";"event; ""quoted"""
"A";"966";"10/04/2026 00:00:00";"event; ""quoted"""
"A";"968";"10/04/2026 00:00:00";"event; ""quoted"""
"A";"970";"10/04/2026 00:00:00";"event; ""quoted"""
"A";"972";"10/04/2026 00:00:00";"event; ""quoted"""
"A";"974";"10/04/2026 00:00:00";"event; ""quoted"""
"A";"976";"10/04/2026 00:00:00";"event; ""quoted"""
"A";"978";"10/04/2026 00:00:00";"event; ""quoted"""
"A";"980";"10/04/2026 00:00:00";"event; ""quoted"""
"A";"982";"10/04/2026 00:00:00";"event; ""quoted"""
"A";"984";"10/04/2026 00:00:00";"event; ""quoted"""
"A";"986";"10/04/2026 00:00:00";"event; ""quoted"""
"A";"988";"10/04/2026 00:00:00";"event; ""quoted"""
"A";"990";"10/04/2026 00:00:00";"event; ""quoted"""
"A";"992";"10/04/2026 00:00:00";"event; ""quoted"""
"A";"994";"10/04/2026 00:00:00";"event; ""quoted"""
"A";"996";"10/04/2026 00:00:00";"event; ""quoted"""
"A";"998";"10/04/2026 00:00:00";"event; ""quoted"""
"A";"1000";"10/04/2026 00:00:00";"event; ""quoted"""
"B";"1";"10/04/2026 00:00:00";"event; ""quoted"""
"B";"3";"10/04/2026 00:00:00";"event; ""quoted"""
"B";"5";"10/04/2026 00:00:00";"event; ""quoted"""
"B";"7";"10/04/2026 00:00:00";"event; ""quoted"""
"B";"9";"10/04/2026 00:00:00";"event; ""quoted"""
"B";"11";"10/04/2026 00:00:00";"event; ""quoted"""
"B";"13";"10/04/2026 00:00:00";"event; ""quoted"""
"B";"15";"10/04/2026 00:00:00";"event; ""quoted"""
"B";"17";"10/04/2026 00:00:00";"event; ""quoted"""
"B";"19";"10/04/2026 00:00:00";"event; ""quoted"""
"B";"21";"10/04/2026 00:00:00";"event; ""quoted"""
"B";"23";"10/04/2026 00:00:00";"event; ""quoted"""
"B";"25";"10/04/2026 00:00:00";"event; ""quoted"""
"B";"27";"10/04/2026 00:00:00";"event; ""quoted"""
"B";"29";"10/04/2026 00:00:00";"event; ""quoted"""
"B";"31";"10/04/2026 00:00:00";"event; ""quoted"""
"B";"33";"10/04/2026 00:00:00";"event; ""quoted"""
"B";"35";"10/04/2026 00:00:00";"event; ""quoted"""
"B";"37";"10/04/2026 00:00:00";"event; ""quoted"""
"B";"39";"10/04/2026 00:00:00";"event; ""quoted"""
"B";"41";"10/04/2026 00:00:00";"event; ""quoted"""
"B";"43";"10/04/2026 00:00:00";"event; ""quoted"""
"B";"45";"10/04/2026 00:00:00";"event; ""quoted"""
"B";"47";"10/04/2026 00:00:00";"event; ""quoted"""
"B";"49";"10/04/2026 00:00:00";"event; ""quoted"""
"B";"51";"10/04/2026 00:00:00";"event; ""quoted"""
"B";"53";"10/04/2026 00:00:00";"event; ""quoted"""
"B";"55";"10/04/2026 00:00:00";"event; ""quoted"""
"B";"57";"10/04/2026 00:00:00";"event; ""quoted"""
"B";"59";"10/04/2026 00:00:00";"event; ""quoted"""
"B";"61";"10/04/2026 00:00:00";"event; ""quoted"""
"B";"63";"10/04/2026 00:00:00";"event; ""quoted"""
"B";"65";"10/04/2026 00:00:00";"event; ""quoted"""
"B";"67";"10/04/2026 00:00:00";"event; ""quoted"""
"B";"69";"10/04/2026 00:00:00";"event; ""quoted"""
"B";"71";"10/04/2026 00:00:00";"event; ""quoted"""
"B";"73";"10/04/2026 00:00:00";"event; ""quoted"""
"B";"75";"10/04/2026 00:00:00";"event; ""quoted"""
"B";"77";"10/04/2026 00:00:00";"event; ""quoted"""
"B";"79";"10/04/2026 00:00:00";"event; ""quoted"""
"B";"81";"10/04/2026 00:00:00";"event; ""quoted"""
"B";"83";"10/04/2026 00:00:00";"event; ""quoted"""
"B";"85";"10/04/2026 00:00:00";"event; ""quoted"""
"B";"87";"10/04/2026 00:00:00";"event; ""quoted"""
"B";"89";"10/04/2026 00:00:00";"event; ""quoted"""
"B";"91";"10/04/2026 00:00:00";"event; ""quoted"""
"B";"93";"10/04/2026 00:00:00";"event; ""quoted"""
"B";"95";"10/04/2026 00:00:00";"event; ""quoted"""
"B";"97";"10/04/2026 00:00:00";"event; ""quoted"""
"B";"99";"10/04/2026 00:00:00";"event; ""quoted"""
"B";"101";"10/04/2026 00:00:00";"event; ""quoted"""
"B";"103";"10/04/2026 00:00:00";"event; ""quoted"""
"B";"105";"10/04/2026 00:00:00";"event; ""quoted"""
"B";"107";"10/04/2026 00:00:00";"event; ""quoted"""
"B";"109";"10/04/2026 00:00:00";"event; ""quoted"""
"B";"111";"10/04/2026 00:00:00";"event; ""quoted"""
"B";"113";"10/04/2026 00:00:00";"event; ""quoted"""
"B";"115";"10/04/2026 00:00:00";"event; ""quoted"""
"B";"117";"10/04/2026 00:00:00";"event; ""quoted"""
"B";"119";"10/04/2026 00:00:00";"event; ""quoted"""
"B";"121";"10/04/2026 00:00:00";"event; ""quoted"""
"B";"123";"10/04/2026 00:00:00";"event; ""quoted"""
"B";"125";"10/04/2026 00:00:00";"event; ""quoted"""
"B";"127";"10/04/2026 00:00:00";"event; ""quoted"""
"B";"129";"10/04/2026 00:00:00";"event; ""quoted"""
"B";"131";"10/04/2026 00:00:00";"event; ""quoted"""
"B";"133";"10/04/2026 00:00:00";"event; ""quoted"""
"B";"135";"10/04/2026 00:00:00";"event; ""quoted"""
"B";"137";"10/04/2026 00:00:00";"event; ""quoted"""
"B";"139";"10/04/2026 00:00:00";"event; ""quoted"""
"B";"141";"10/04/2026 00:00:00";"event; ""quoted"""
"B";"143";"10/04/2026 00:00:00";"event; ""quoted"""
"B";"145";"10/04/2026 00:00:00";"event; ""quoted"""
"B";"147";"10/04/2026 00:00:00";"event; ""quoted"""
"B";"149";"10/04/2026 00:00:00";"event; ""quoted"""
"B";"151";"10/04/2026 00:00:00";"event; ""quoted"""
"B";"153";"10/04/2026 00:00:00";"event; ""quoted"""
"B";"155";"10/04/2026 00:00:00";"event; ""quoted"""
"B";"157";"10/04/2026 00:00:00";"event; ""quoted"""
"B";"159";"10/04/2026 00:00:00";"event; ""quoted"""
"B";"161";"10/04/2026 00:00:00";"event; ""quoted"""
"B";"163";"10/04/2026 00:00:00";"event; ""quoted"""
"B";"165";"10/04/2026 00:00:00";"event; ""quoted"""
"B";"167";"10/04/2026 00:00:00";"event; ""quoted"""
"B";"169";"10/04/2026 00:00:00";"event; ""quoted"""
"B";"171";"10/04/2026 00:00:00";"event; ""quoted"""
"B";"173";"10/04/2026 00:00:00";"event; ""quoted"""
"B";"175";"10/04/2026 00:00:00";"event; ""quoted"""
"B";"177";"10/04/2026 00:00:00";"event; ""quoted"""
"B";"179";"10/04/2026 00:00:00";"event; ""quoted"""
"B";"181";"10/04/2026 00:00:00";"event; ""quoted"""
"B";"183";"10/04/2026 00:00:00";"event; ""quoted"""
"B";"185";"10/04/2026 00:00:00";"event; ""quoted"""
"B";"187";"10/04/2026 00:00:00";"event; ""quoted"""
"B";"189";"10/04/2026 00:00:00";"event; ""quoted"""
"B";"191";"10/04/2026 00:00:00";"event; ""quoted"""
"B";"193";"10/04/2026 00:00:00";"event; ""quoted"""
"B";"195";"10/04/2026 00:00:00";"event; ""quoted"""
"B";"197";"10/04/2026 00:00:00";"event; ""quoted"""
"B";"199";"10/04/2026 00:00:00";"event; ""quoted"""
"B";"201";"10/04/2026 00:00:00";"event; ""quoted"""
"B";"203";"10/04/2026 00:00:00";"event; ""quoted"""
"B";"205";"10/04/2026 00:00:00";"event; ""quoted"""
"B";"207";"10/04/2026 00:00:00";"event; ""quoted"""
"B";"209";"10/04/2026 00:00:00";"event; ""quoted"""
"B";"211";"10/04/2026 00:00:00";"event; ""quoted"""
"B";"213";"10/04/2026 00:00:00";"event; ""quoted"""
"B";"215";"10/04/2026 00:00:00";"event; ""quoted"""
"B";"217";"10/04/2026 00:00:00";"event; ""quoted"""
"B";"219";"10/04/2026 00:00:00";"event; ""quoted"""
"B";"221";"10/04/2026 00:00:00";"event; ""quoted"""
"B";"223";"10/04/2026 00:00:00";"event; ""quoted"""
"B";"225";"10/04/2026 00:00:00";"event; ""quoted"""
"B";"227";"10/04/2026 00:00:00";"event; ""quoted"""
"B";"229";"10/04/2026 00:00:00";"event; ""quoted"""
"B";"231";"10/04/2026 00:00:00";"event; ""quoted"""
"B";"233";"10/04/2026 00:00:00";"event; ""quoted"""
"B";"235";"10/04/2026 00:00:00";"event; ""quoted"""
"B";"237";"10/04/2026 00:00:00";"event; ""quoted"""
"B";"239";"10/04/2026 00:00:00";"event; ""quoted"""
"B";"241";"10/04/2026 00:00:00";"event; ""quoted"""
"B";"243";"10/04/2026 00:00:00";"event; ""quoted"""
"B";"245";"10/04/2026 00:00:00";"event; ""quoted"""
"B";"247";"10/04/2026 00:00:00";"event; ""quoted"""
"B";"249";"10/04/2026 00:00:00";"event; ""quoted"""
"B";"251";"10/04/2026 00:00:00";"event; ""quoted"""
"B";"253";"10/04/2026 00:00:00";"event; ""quoted"""
"B";"255";"10/04/2026 00:00:00";"event; ""quoted"""
"B";"257";"10/04/2026 00:00:00";"event; ""quoted"""
"B";"259";"10/04/2026 00:00:00";"event; ""quoted"""
"B";"261";"10/04/2026 00:00:00";"event; ""quoted"""
"B";"263";"10/04/2026 00:00:00";"event; ""quoted"""
"B";"265";"10/04/2026 00:00:00";"event; ""quoted"""
"B";"267";"10/04/2026 00:00:00";"event; ""quoted"""
"B";"269";"10/04/2026 00:00:00";"event; ""quoted"""
"B";"271";"10/04/2026 00:00:00";"event; ""quoted"""
"B";"273";"10/04/2026 00:00:00";"event; ""quoted"""
"B";"275";"10/04/2026 00:00:00";"event; ""quoted"""
"B";"277";"10/04/2026 00:00:00";"event; ""quoted"""
"B";"279";"10/04/2026 00:00:00";"event; ""quoted"""
"B";"281";"10/04/2026 00:00:00";"event; ""quoted"""
"B";"283";"10/04/2026 00:00:00";"event; ""quoted"""
"B";"285";"10/04/2026 00:00:00";"event; ""quoted"""
"B";"287";"10/04/2026 00:00:00";"event; ""quoted"""
"B";"289";"10/04/2026 00:00:00";"event; ""quoted"""
"B";"291";"10/04/2026 00:00:00";"event; ""quoted"""
"B";"293";"10/04/2026 00:00:00";"event; ""quoted"""
"B";"295";"10/04/2026 00:00:00";"event; ""quoted"""
"B";"297";"10/04/2026 00:00:00";"event; ""quoted"""
"B";"299";"10/04/2026 00:00:00";"event; ""quoted"""
"B";"301";"10/04/2026 00:00:00";"event; ""quoted"""
"B";"303";"10/04/2026 00:00:00";"event; ""quoted"""
"B";"305";"10/04/2026 00:00:00";"event; ""quoted"""
"B";"307";"10/04/2026 00:00:00";"event; ""quoted"""
"B";"309";"10/04/2026 00:00:00";"event; ""quoted"""
"B";"311";"10/04/2026 00:00:00";"event; ""quoted"""
"B";"313";"10/04/2026 00:00:00";"event; ""quoted"""
"B";"315";"10/04/2026 00:00:00";"event; ""quoted"""
"B";"317";"10/04/2026 00:00:00";"event; ""quoted"""
"B";"319";"10/04/2026 00:00:00";"event; ""quoted"""
"B";"321";"10/04/2026 00:00:00";"event; ""quoted"""
"B";"323";"10/04/2026 00:00:00";"event; ""quoted"""
"B";"325";"10/04/2026 00:00:00";"event; ""quoted"""
"B";"327";"10/04/2026 00:00:00";"event; ""quoted"""
"B";"329";"10/04/2026 00:00:00";"event; ""quoted"""
"B";"331";"10/04/2026 00:00:00";"event; ""quoted"""
"B";"333";"10/04/2026 00:00:00";"event; ""quoted"""
"B";"335";"10/04/2026 00:00:00";"event; ""quoted"""
"B";"337";"10/04/2026 00:00:00";"event; ""quoted"""
"B";"339";"10/04/2026 00:00:00";"event; ""quoted"""
"B";"341";"10/04/2026 00:00:00";"event; ""quoted"""
"B";"343";"10/04/2026 00:00:00";"event; ""quoted"""
"B";"345";"10/04/2026 00:00:00";"event; ""quoted"""
"B";"347";"10/04/2026 00:00:00";"event; ""quoted"""
"B";"349";"10/04/2026 00:00:00";"event; ""quoted"""
"B";"351";"10/04/2026 00:00:00";"event; ""quoted"""
"B";"353";"10/04/2026 00:00:00";"event; ""quoted"""
"B";"355";"10/04/2026 00:00:00";"event; ""quoted"""
"B";"357";"10/04/2026 00:00:00";"event; ""quoted"""
"B";"359";"10/04/2026 00:00:00";"event; ""quoted"""
"B";"361";"10/04/2026 00:00:00";"event; ""quoted"""
"B";"363";"10/04/2026 00:00:00";"event; ""quoted"""
"B";"365";"10/04/2026 00:00:00";"event; ""quoted"""
"B";"367";"10/04/2026 00:00:00";"event; ""quoted"""
"B";"369";"10/04/2026 00:00:00";"event; ""quoted"""
"B";"371";"10/04/2026 00:00:00";"event; ""quoted"""
"B";"373";"10/04/2026 00:00:00";"event; ""quoted"""
"B";"375";"10/04/2026 00:00:00";"event; ""quoted"""
"B";"377";"10/04/2026 00:00:00";"event; ""quoted"""
"B";"379";"10/04/2026 00:00:00";"event; ""quoted"""
"B";"381";"10/04/2026 00:00:00";"event; ""quoted"""
"B";"383";"10/04/2026 00:00:00";"event; ""quoted"""
"B";"385";"10/04/2026 00:00:00";"event; ""quoted"""
"B";"387";"10/04/2026 00:00:00";"event; ""quoted"""
"B";"389";"10/04/2026 00:00:00";"event; ""quoted"""
"B";"391";"10/04/2026 00:00:00";"event; ""quoted"""
"B";"393";"10/04/2026 00:00:00";"event; ""quoted"""
"B";"395";"10/04/2026 00:00:00";"event; ""quoted"""
"B";"397";"10/04/2026 00:00:00";"event; ""quoted"""
"B";"399";"10/04/2026 00:00:00";"event; ""quoted"""
"B";"401";"10/04/2026 00:00:00";"event; ""quoted"""
"B";"403";"10/04/2026 00:00:00";"event; ""quoted"""
"B";"405";"10/04/2026 00:00:00";"event; ""quoted"""
"B";"407";"10/04/2026 00:00:00";"event; ""quoted"""
"B";"409";"10/04/2026 00:00:00";"event; ""quoted"""
"B";"411";"10/04/2026 00:00:00";"event; ""quoted"""
"B";"413";"10/04/2026 00:00:00";"event; ""quoted"""
"B";"415";"10/04/2026 00:00:00";"event; ""quoted"""
"B";"417";"10/04/2026 00:00:00";"event; ""quoted"""
"B";"419";"10/04/2026 00:00:00";"event; ""quoted"""
"B";"421";"10/04/2026 00:00:00";"event; ""quoted"""
"B";"423";"10/04/2026 00:00:00";"event; ""quoted"""
"B";"425";"10/04/2026 00:00:00";"event; ""quoted"""
"B";"427";"10/04/2026 00:00:00";"event; ""quoted"""
"B";"429";"10/04/2026 00:00:00";"event; ""quoted"""
"B";"431";"10/04/2026 00:00:00";"event; ""quoted"""
"B";"433";"10/04/2026 00:00:00";"event; ""quoted"""
"B";"435";"10/04/2026 00:00:00";"event; ""quoted"""
"B";"437";"10/04/2026 00:00:00";"event; ""quoted"""
"B";"439";"10/04/2026 00:00:00";"event; ""quoted"""
"B";"441";"10/04/2026 00:00:00";"event; ""quoted"""
"B";"443";"10/04/2026 00:00:00";"event; ""quoted"""
"B";"445";"10/04/2026 00:00:00";"event; ""quoted"""
"B";"447";"10/04/2026 00:00:00";"event; ""quoted"""
"B";"449";"10/04/2026 00:00:00";"event; ""quoted"""
"B";"451";"10/04/2026 00:00:00";"event; ""quoted"""
"B";"453";"10/04/2026 00:00:00";"event; ""quoted"""
"B";"455";"10/04/2026 00:00:00";"event; ""quoted"""
"B";"457";"10/04/2026 00:00:00";"event; ""quoted"""
"B";"459";"10/04/2026 00:00:00";"event; ""quoted"""
"B";"461";"10/04/2026 00:00:00";"event; ""quoted"""
"B";"463";"10/04/2026 00:00:00";"event; ""quoted"""
"B";"465";"10/04/2026 00:00:00";"event; ""quoted"""
"B";"467";"10/04/2026 00:00:00";"event; ""quoted"""
"B";"469";"10/04/2026 00:00:00";"event; ""quoted"""
"B";"471";"10/04/2026 00:00:00";"event; ""quoted"""
"B";"473";"10/04/2026 00:00:00";"event; ""quoted"""
"B";"475";"10/04/2026 00:00:00";"event; ""quoted"""
"B";"477";"10/04/2026 00:00:00";"event; ""quoted"""
"B";"479";"10/04/2026 00:00:00";"event; ""quoted"""
"B";"481";"10/04/2026 00:00:00";"event; ""quoted"""
"B";"483";"10/04/2026 00:00:00";"event; ""quoted"""
"B";"485";"10/04/2026 00:00:00";"event; ""quoted"""
"B";"487";"10/04/2026 00:00:00";"event; ""quoted"""
"B";"489";"10/04/2026 00:00:00";"event; ""quoted"""
"B";"491";"10/04/2026 00:00:00";"event; ""quoted"""
"B";"493";"10/04/2026 00:00:00";"event; ""quoted"""
"B";"495";"10/04/2026 00:00:00";"event; ""quoted"""
"B";"497";"10/04/2026 00:00:00";"event; ""quoted"""
"B";"499";"10/04/2026 00:00:00";"event; ""quoted"""
"B";"501";"10/04/2026 00:00:00";"event; ""quoted"""
"B";"503";"10/04/2026 00:00:00";"event; ""quoted"""
"B";"505";"10/04/2026 00:00:00";"event; ""quoted"""
"B";"507";"10/04/2026 00:00:00";"event; ""quoted"""
"B";"509";"10/04/2026 00:00:00";"event; ""quoted"""
"B";"511";"10/04/2026 00:00:00";"event; ""quoted"""
"B";"513";"10/04/2026 00:00:00";"event; ""quoted"""
"B";"515";"10/04/2026 00:00:00";"event; ""quoted"""
"B";"517";"10/04/2026 00:00:00";"event; ""quoted"""
"B";"519";"10/04/2026 00:00:00";"event; ""quoted"""
"B";"521";"10/04/2026 00:00:00";"event; ""quoted"""
"B";"523";"10/04/2026 00:00:00";"event; ""quoted"""
"B";"525";"10/04/2026 00:00:00";"event; ""quoted"""
"B";"527";"10/04/2026 00:00:00";"event; ""quoted"""
"B";"529";"10/04/2026 00:00:00";"event; ""quoted"""
"B";"531";"10/04/2026 00:00:00";"event; ""quoted"""
"B";"533";"10/04/2026 00:00:00";"event; ""quoted"""
"B";"535";"10/04/2026 00:00:00";"event; ""quoted"""
"B";"537";"10/04/2026 00:00:00";"event; ""quoted"""
"B";"539";"10/04/2026 00:00:00";"event; ""quoted"""
"B";"541";"10/04/2026 00:00:00";"event; ""quoted"""
"B";"543";"10/04/2026 00:00:00";"event; ""quoted"""
"B";"545";"10/04/2026 00:00:00";"event; ""quoted"""
"B";"547";"10/04/2026 00:00:00";"event; ""quoted"""
"B";"549";"10/04/2026 00:00:00";"event; ""quoted"""
"B";"551";"10/04/2026 00:00:00";"event; ""quoted"""
"B";"553";"10/04/2026 00:00:00";"event; ""quoted"""
"B";"555";"10/04/2026 00:00:00";"event; ""quoted"""
"B";"557";"10/04/2026 00:00:00";"event; ""quoted"""
"B";"559";"10/04/2026 00:00:00";"event; ""quoted"""
"B";"561";"10/04/2026 00:00:00";"event; ""quoted"""
"B";"563";"10/04/2026 00:00:00";"event; ""quoted"""
"B";"565";"10/04/2026 00:00:00";"event; ""quoted"""
"B";"567";"10/04/2026 00:00:00";"event; ""quoted"""
"B";"569";"10/04/2026 00:00:00";"event; ""quoted"""
"B";"571";"10/04/2026 00:00:00";"event; ""quoted"""
"B";"573";"10/04/2026 00:00:00";"event; ""quoted"""
"B";"575";"10/04/2026 00:00:00";"event; ""quoted"""
"B";"577";"10/04/2026 00:00:00";"event; ""quoted"""
"B";"579";"10/04/2026 00:00:00";"event; ""quoted"""
"B";"581";"10/04/2026 00:00:00";"event; ""quoted"""
"B";"583";"10/04/2026 00:00:00";"event; ""quoted"""
"B";"585";"10/04/2026 00:00:00";"event; ""quoted"""
"B";"587";"10/04/2026 00:00:00";"event; ""quoted"""
"B";"589";"10/04/2026 00:00:00";"event; ""quoted"""
"B";"591";"10/04/2026 00:00:00";"event; ""quoted"""
"B";"593";"10/04/2026 00:00:00";"event; ""quoted"""
"B";"595";"10/04/2026 00:00:00";"event; ""quoted"""
"B";"597";"10/04/2026 00:00:00";"event; ""quoted"""
"B";"599";"10/04/2026 00:00:00";"event; ""quoted"""
"B";"601";"10/04/2026 00:00:00";"event; ""quoted"""
"B";"603";"10/04/2026 00:00:00";"event; ""quoted"""
"B";"605";"10/04/2026 00:00:00";"event; ""quoted"""
"B";"607";"10/04/2026 00:00:00";"event; ""quoted"""
"B";"609";"10/04/2026 00:00:00";"event; ""quoted"""
"B";"611";"10/04/2026 00:00:00";"event; ""quoted"""
"B";"613";"10/04/2026 00:00:00";"event; ""quoted"""
"B";"615";"10/04/2026 00:00:00";"event; ""quoted"""
"B";"617";"10/04/2026 00:00:00";"event; ""quoted"""
"B";"619";"10/04/2026 00:00:00";"event; ""quoted"""
"B";"621";"10/04/2026 00:00:00";"event; ""quoted"""
"B";"623";"10/04/2026 00:00:00";"event; ""quoted"""
"B";"625";"10/04/2026 00:00:00";"event; ""quoted"""
"B";"627";"10/04/2026 00:00:00";"event; ""quoted"""
"B";"629";"10/04/2026 00:00:00";"event; ""quoted"""
"B";"631";"10/04/2026 00:00:00";"event; ""quoted"""
"B";"633";"10/04/2026 00:00:00";"event; ""quoted"""
"B";"635";"10/04/2026 00:00:00";"event; ""quoted"""
"B";"637";"10/04/2026 00:00:00";"event; ""quoted"""
"B";"639";"10/04/2026 00:00:00";"event; ""quoted"""
"B";"641";"10/04/2026 00:00:00";"event; ""quoted"""
"B";"643";"10/04/2026 00:00:00";"event; ""quoted"""
"B";"645";"10/04/2026 00:00:00";"event; ""quoted"""
"B";"647";"10/04/2026 00:00:00";"event; ""quoted"""
"B";"649";"10/04/2026 00:00:00";"event; ""quoted"""
"B";"651";"10/04/2026 00:00:00";"event; ""quoted"""
"B";"653";"10/04/2026 00:00:00";"event; ""quoted"""
"B";"655";"10/04/2026 00:00:00";"event; ""quoted"""
"B";"657";"10/04/2026 00:00:00";"event; ""quoted"""
"B";"659";"10/04/2026 00:00:00";"event; ""quoted"""
"B";"661";"10/04/2026 00:00:00";"event; ""quoted"""
"B";"663";"10/04/2026 00:00:00";"event; ""quoted"""
"B";"665";"10/04/2026 00:00:00";"event; ""quoted"""
"B";"667";"10/04/2026 00:00:00";"event; ""quoted"""
"B";"669";"10/04/2026 00:00:00";"event; ""quoted"""
"B";"671";"10/04/2026 00:00:00";"event; ""quoted"""
"B";"673";"10/04/2026 00:00:00";"event; ""quoted"""
"B";"675";"10/04/2026 00:00:00";"event; ""quoted"""
"B";"677";"10/04/2026 00:00:00";"event; ""quoted"""
"B";"679";"10/04/2026 00:00:00";"event; ""quoted"""
"B";"681";"10/04/2026 00:00:00";"event; ""quoted"""
"B";"683";"10/04/2026 00:00:00";"event; ""quoted"""
"B";"685";"10/04/2026 00:00:00";"event; ""quoted"""
"B";"687";"10/04/2026 00:00:00";"event; ""quoted"""
"B";"689";"10/04/2026 00:00:00";"event; ""quoted"""
"B";"691";"10/04/2026 00:00:00";"event; ""quoted"""
"B";"693";"10/04/2026 00:00:00";"event; ""quoted"""
"B";"695";"10/04/2026 00:00:00";"event; ""quoted"""
"B";"697";"10/04/2026 00:00:00";"event; ""quoted"""
"B";"699";"10/04/2026 00:00:00";"event; ""quoted"""
"B";"701";"10/04/2026 00:00:00";"event; ""quoted"""
"B";"703";"10/04/2026 00:00:00";"event; ""quoted"""
"B";"705";"10/04/2026 00:00:00";"event; ""quoted"""
"B";"707";"10/04/2026 00:00:00";"event; ""quoted"""
"B";"709";"10/04/2026 00:00:00";"event; ""quoted"""
"B";"711";"10/04/2026 00:00:00";"event; ""quoted"""
"B";"713";"10/04/2026 00:00:00";"event; ""quoted"""
"B";"715";"10/04/2026 00:00:00";"event; ""quoted"""
"B";"717";"10/04/2026 00:00:00";"event; ""quoted"""
"B";"719";"10/04/2026 00:00:00";"event; ""quoted"""
"B";"721";"10/04/2026 00:00:00";"event; ""quoted"""
"B";"723";"10/04/2026 00:00:00";"event; ""quoted"""
"B";"725";"10/04/2026 00:00:00";"event; ""quoted"""
"B";"727";"10/04/2026 00:00:00";"event; ""quoted"""
"B";"729";"10/04/2026 00:00:00";"event; ""quoted"""
"B";"731";"10/04/2026 00:00:00";"event; ""quoted"""
"B";"733";"10/04/2026 00:00:00";"event; ""quoted"""
"B";"735";"10/04/2026 00:00:00";"event; ""quoted"""
"B";"737";"10/04/2026 00:00:00";"event; ""quoted"""
"B";"739";"10/04/2026 00:00:00";"event; ""quoted"""
"B";"741";"10/04/2026 00:00:00";"event; ""quoted"""
"B";"743";"10/04/2026 00:00:00";"event; ""quoted"""
"B";"745";"10/04/2026 00:00:00";"event; ""quoted"""
"B";"747";"10/04/2026 00:00:00";"event; ""quoted"""
"B";"749";"10/04/2026 00:00:00";"event; ""quoted"""
"B";"751";"10/04/2026 00:00:00";"event; ""quoted"""
"B";"753";"10/04/2026 00:00:00";"event; ""quoted"""
"B";"755";"10/04/2026 00:00:00";"event; ""quoted"""
"B";"757";"10/04/2026 00:00:00";"event; ""quoted"""
"B";"759";"10/04/2026 00:00:00";"event; ""quoted"""
"B";"761";"10/04/2026 00:00:00";"event; ""quoted"""
"B";"763";"10/04/2026 00:00:00";"event; ""quoted"""
"B";"765";"10/04/2026 00:00:00";"event; ""quoted"""
"B";"767";"10/04/2026 00:00:00";"event; ""quoted"""
"B";"769";"10/04/2026 00:00:00";"event; ""quoted"""
"B";"771";"10/04/2026 00:00:00";"event; ""quoted"""
"B";"773";"10/04/2026 00:00:00";"event; ""quoted"""
"B";"775";"10/04/2026 00:00:00";"event; ""quoted"""
"B";"777";"10/04/2026 00:00:00";"event; ""quoted"""
"B";"779";"10/04/2026 00:00:00";"event; ""quoted"""
"B";"781";"10/04/2026 00:00:00";"event; ""quoted"""
"B";"783";"10/04/2026 00:00:00";"event; ""quoted"""
"B";"785";"10/04/2026 00:00:00";"event; ""quoted"""
"B";"787";"10/04/2026 00:00:00";"event; ""quoted"""
"B";"789";"10/04/2026 00:00:00";"event; ""quoted"""
"B";"791";"10/04/2026 00:00:00";"event; ""quoted"""
"B";"793";"10/04/2026 00:00:00";"event; ""quoted"""
"B";"795";"10/04/2026 00:00:00";"event; ""quoted"""
"B";"797";"10/04/2026 00:00:00";"event; ""quoted"""
"B";"799";"10/04/2026 00:00:00";"event; ""quoted"""
"B";"801";"10/04/2026 00:00:00";"event; ""quoted"""
"B";"803";"10/04/2026 00:00:00";"event; ""quoted"""
"B";"805";"10/04/2026 00:00:00";"event; ""quoted"""
"B";"807";"10/04/2026 00:00:00";"event; ""quoted"""
"B";"809";"10/04/2026 00:00:00";"event; ""quoted"""
"B";"811";"10/04/2026 00:00:00";"event; ""quoted"""
"B";"813";"10/04/2026 00:00:00";"event; ""quoted"""
"B";"815";"10/04/2026 00:00:00";"event; ""quoted"""
"B";"817";"10/04/2026 00:00:00";"event; ""quoted"""
"B";"819";"10/04/2026 00:00:00";"event; ""quoted"""
"B";"821";"10/04/2026 00:00:00";"event; ""quoted"""
"B";"823";"10/04/2026 00:00:00";"event; ""quoted"""
"B";"825";"10/04/2026 00:00:00";"event; ""quoted"""
"B";"827";"10/04/2026 00:00:00";"event; ""quoted"""
"B";"829";"10/04/2026 00:00:00";"event; ""quoted"""
"B";"831";"10/04/2026 00:00:00";"event; ""quoted"""
"B";"833";"10/04/2026 00:00:00";"event; ""quoted"""
"B";"835";"10/04/2026 00:00:00";"event; ""quoted"""
"B";"837";"10/04/2026 00:00:00";"event; ""quoted"""
"B";"839";"10/04/2026 00:00:00";"event; ""quoted"""
"B";"841";"10/04/2026 00:00:00";"event; ""quoted"""
"B";"843";"10/04/2026 00:00:00";"event; ""quoted"""
"B";"845";"10/04/2026 00:00:00";"event; ""quoted"""
"B";"847";"10/04/2026 00:00:00";"event; ""quoted"""
"B";"849";"10/04/2026 00:00:00";"event; ""quoted"""
"B";"851";"10/04/2026 00:00:00";"event; ""quoted"""
"B";"853";"10/04/2026 00:00:00";"event; ""quoted"""
"B";"855";"10/04/2026 00:00:00";"event; ""quoted"""
"B";"857";"10/04/2026 00:00:00";"event; ""quoted"""
"B";"859";"10/04/2026 00:00:00";"event; ""quoted"""
"B";"861";"10/04/2026 00:00:00";"event; ""quoted"""
"B";"863";"10/04/2026 00:00:00";"event; ""quoted"""
"B";"865";"10/04/2026 00:00:00";"event; ""quoted"""
"B";"867";"10/04/2026 00:00:00";"event; ""quoted"""
"B";"869";"10/04/2026 00:00:00";"event; ""quoted"""
"B";"871";"10/04/2026 00:00:00";"event; ""quoted"""
"B";"873";"10/04/2026 00:00:00";"event; ""quoted"""
"B";"875";"10/04/2026 00:00:00";"event; ""quoted"""
"B";"877";"10/04/2026 00:00:00";"event; ""quoted"""
"B";"879";"10/04/2026 00:00:00";"event; ""quoted"""
"B";"881";"10/04/2026 00:00:00";"event; ""quoted"""
"B";"883";"10/04/2026 00:00:00";"event; ""quoted"""
"B";"885";"10/04/2026 00:00:00";"event; ""quoted"""
"B";"887";"10/04/2026 00:00:00";"event; ""quoted"""
"B";"889";"10/04/2026 00:00:00";"event; ""quoted"""
"B";"891";"10/04/2026 00:00:00";"event; ""quoted"""
"B";"893";"10/04/2026 00:00:00";"event; ""quoted"""
"B";"895";"10/04/2026 00:00:00";"event; ""quoted"""
"B";"897";"10/04/2026 00:00:00";"event; ""quoted"""
"B";"899";"10/04/2026 00:00:00";"event; ""quoted"""
"B";"901";"10/04/2026 00:00:00";"event; ""quoted"""
"B";"903";"10/04/2026 00:00:00";"event; ""quoted"""
"B";"905";"10/04/2026 00:00:00";"event; ""quoted"""
"B";"907";"10/04/2026 00:00:00";"event; ""quoted"""
"B";"909";"10/04/2026 00:00:00";"event; ""quoted"""
"B";"911";"10/04/2026 00:00:00";"event; ""quoted"""
"B";"913";"10/04/2026 00:00:00";"event; ""quoted"""
"B";"915";"10/04/2026 00:00:00";"event; ""quoted"""
"B";"917";"10/04/2026 00:00:00";"event; ""quoted"""
"B";"919";"10/04/2026 00:00:00";"event; ""quoted"""
"B";"921";"10/04/2026 00:00:00";"event; ""quoted"""
"B";"923";"10/04/2026 00:00:00";"event; ""quoted"""
"B";"925";"10/04/2026 00:00:00";"event; ""quoted"""
"B";"927";"10/04/2026 00:00:00";"event; ""quoted"""
"B";"929";"10/04/2026 00:00:00";"event; ""quoted"""
"B";"931";"10/04/2026 00:00:00";"event; ""quoted"""
"B";"933";"10/04/2026 00:00:00";"event; ""quoted"""
"B";"935";"10/04/2026 00:00:00";"event; ""quoted"""
"B";"937";"10/04/2026 00:00:00";"event; ""quoted"""
"B";"939";"10/04/2026 00:00:00";"event; ""quoted"""
"B";"941";"10/04/2026 00:00:00";"event; ""quoted"""
"B";"943";"10/04/2026 00:00:00";"event; ""quoted"""
"B";"945";"10/04/2026 00:00:00";"event; ""quoted"""
"B";"947";"10/04/2026 00:00:00";"event; ""quoted"""
"B";"949";"10/04/2026 00:00:00";"event; ""quoted"""
"B";"951";"10/04/2026 00:00:00";"event; ""quoted"""
"B";"953";"10/04/2026 00:00:00";"event; ""quoted"""
"B";"955";"10/04/2026 00:00:00";"event; ""quoted"""
"B";"957";"10/04/2026 00:00:00";"event; ""quoted"""
"B";"959";"10/04/2026 00:00:00";"event; ""quoted"""
"B";"961";"10/04/2026 00:00:00";"event; ""quoted"""
"B";"963";"10/04/2026 00:00:00";"event; ""quoted"""
"B";"965";"10/04/2026 00:00:00";"event; ""quoted"""
"B";"967";"10/04/2026 00:00:00";"event; ""quoted"""
"B";"969";"10/04/2026 00:00:00";"event; ""quoted"""
"B";"971";"10/04/2026 00:00:00";"event; ""quoted"""
"B";"973";"10/04/2026 00:00:00";"event; ""quoted"""
"B";"975";"10/04/2026 00:00:00";"event; ""quoted"""
"B";"977";"10/04/2026 00:00:00";"event; ""quoted"""
"B";"979";"10/04/2026 00:00:00";"event; ""quoted"""
"B";"981";"10/04/2026 00:00:00";"event; ""quoted"""
"B";"983";"10/04/2026 00:00:00";"event; ""quoted"""
"B";"985";"10/04/2026 00:00:00";"event; ""quoted"""
"B";"987";"10/04/2026 00:00:00";"event; ""quoted"""
"B";"989";"10/04/2026 00:00:00";"event; ""quoted"""
"B";"991";"10/04/2026 00:00:00";"event; ""quoted"""
"B";"993";"10/04/2026 00:00:00";"event; ""quoted"""
"B";"995";"10/04/2026 00:00:00";"event; ""quoted"""
"B";"997";"10/04/2026 00:00:00";"event; ""quoted"""
"B";"999";"10/04/2026 00:00:00";"event; ""quoted"""
"B";"1001";"10/04/2026 00:00:00";"event; ""quoted"""
"A";"2000";"10/06/2026 00:00:00";""
